Id,actual_log_price,ElasticNet_Domain_oof_log,GradientBoosting_oof_log,XGBoost_oof_log,SVR_RBF_oof_log,blend_oof_log,calibrated_oof_log
1,12.247694320220994,12.23632793174486,12.225259498609196,12.235169092814129,12.242503478657634,12.235096151836785,12.236206860689846
2,12.109010932687042,12.177018866880005,12.05628914648742,12.109673817952476,12.178864607622907,12.132948140066876,12.132457394627231
3,12.31716669303576,12.295184572763745,12.27247622459202,12.26462205251058,12.2950275547803,12.282414266527963,12.284266818482834
4,11.84939770159144,12.09353003161507,12.08175955749735,12.075858116149902,12.079604883495328,12.082800921092321,12.081523978469757
5,12.429216196844383,12.57924915583924,12.607656986766528,12.600179354349772,12.578381873632244,12.590739461290772,12.597425868532174
6,11.870599909242044,12.006707913402527,11.985847251879555,11.970695813496908,12.098902887167759,12.017495775619793,12.01519499314229
7,12.634603026569334,12.53620315139348,12.532880668839644,12.534921964009603,12.541165813209835,12.53642975409335,12.542264705567575
8,12.206072645530174,12.321812095174318,12.293782418020225,12.298892974853516,12.330905755344832,12.31210489527976,12.314422930449073
9,11.77452020265869,11.77947880045871,11.817358005012698,11.818172136942543,11.744141125940716,11.788370492163505,11.78247753336851
10,11.678439903447801,11.760437763037814,11.728935195510862,11.718961715698242,11.692406301716451,11.724992107897712,11.718105516590555
11,11.771436160121729,11.774213729055669,11.754936046809863,11.75977071126302,11.79607815595871,11.771990989743815,11.765841236675413
12,12.751299696013497,12.85232262084609,12.830910074557336,12.822442054748535,12.89425100130353,12.851162899590046,12.861932168807511
13,11.877568578558138,11.792190882472193,11.801878252285457,11.8131685256958,11.792007955833249,11.79950136303875,11.793782911614343
14,12.540757571577291,12.328626995757526,12.2821188929109,12.255167961120604,12.31758138899504,12.296993867481337,12.299074995246231
15,11.964001084330445,11.946559427813256,11.944235300442552,11.963800748189293,11.948255420150192,11.950654145506771,11.947305434502601
16,11.790557201568507,11.791283818281988,11.780223848054108,11.869412104288736,11.791124095261537,11.807638458628437,11.802047578817383
17,11.911701584927597,11.950382259005949,11.93053186676179,11.911905288696287,11.966116948926413,11.940564161364659,11.93705726178552
18,11.407564949312402,11.619644449062312,11.606650070943878,11.611916859944662,11.613800383320141,11.613184804339772,11.604545322465913
19,11.976659481202368,11.938572959937646,11.966695497266295,11.95017115275065,11.952999808275223,11.951778718975532,11.948447638789405
20,11.842229212112828,11.743742454571596,11.696256225438686,11.720621109008787,11.781115177708221,11.736928640355593,11.730229187405937
21,12.692503112461443,12.672096777983375,12.74886611790763,12.737785657246908,12.685840266968187,12.709624640711343,12.718174903916493
22,11.845102777308561,11.718110147399912,11.763079096623471,11.821396509806316,11.73317432690215,11.757693849930337,11.751319949416175
23,12.345834587905333,12.357708401070502,12.35299823508378,12.332024892171225,12.33554775764029,12.344501682938407,12.347327627892424
24,11.77452020265869,11.858364152139425,11.84379467334928,11.82189146677653,11.830532126206412,11.83873199370569,11.833628591569061
25,11.944707881395766,11.918842662678143,11.92848813067413,11.918111165364584,11.975389848470726,11.935888907279486,11.93230871008452
26,12.454103912352162,12.415287374274747,12.428929828947467,12.402838071187338,12.412825711962737,12.414797718905037,12.418725749808731
27,11.811547477460344,11.764877996014397,11.820785254468184,11.839765230814615,11.78695819367455,11.801974891687168,11.796295219706467
28,12.631340380934517,12.567266405776104,12.596897357990684,12.570168495178224,12.586687653047647,12.580034169366026,12.586552741370985
29,12.24288661865289,12.191465093516404,12.133346127519651,12.160374641418455,12.173847637840224,12.165672968026485,12.165695275315972
30,11.134589024250317,11.15129648646281,11.08571798842776,11.105542500813804,11.183724176520329,11.133449356322778,11.117288686524859
31,10.596634733096073,11.28158069953452,11.51424125756028,11.18895403544108,11.447643799435953,11.357386591219402,11.344736760643004
32,11.914047823644255,11.838774501641735,11.851320287082425,11.854300181070965,11.861604846930987,11.851520984130623,11.84661808500194
33,12.100156419938624,12.19754304842661,12.14543000295133,12.106192588806152,12.147574593591315,12.149949338854793,12.149725134508882
34,12.016726473799254,12.0711120682748,12.066738513834714,12.058199882507324,12.055689014354257,12.062870391481727,12.061280982354454
35,12.533576212168626,12.565215070393128,12.556864531875988,12.589900016784668,12.576437567332768,12.5722327020919,12.578628964391177
36,12.641096555879882,12.641564362483726,12.601677446682377,12.63422425587972,12.631192198127716,12.627718734175644,12.6349848944076
37,11.884489021402711,11.90743373053393,11.922255086101666,11.941117922465006,11.925976282615968,11.923987873302018,11.920221094287
38,11.938193200374572,11.885363997166529,11.963971084625255,11.980533281962076,11.931208781378976,11.938981893432558,11.935450187401212
39,11.59910316121128,11.75242948088293,11.793507727251331,11.774224599202476,11.764379099786062,11.77048265302273,11.764309252579555
40,11.314474526246391,11.258013764617845,11.337775932770334,11.38109811147054,11.284013564435805,11.313429009908727,11.300090021941331
41,11.982929094215963,11.84939808039779,11.855482763706584,11.834895769755043,11.877040586582831,11.854614588374995,11.849760190100232
42,12.043553716032399,12.023020845096006,11.99126896960796,11.965692202250162,12.027522755729706,12.002869245074045,12.000339151034584
43,11.877568578558138,11.906563131592671,11.895974267918618,11.871936798095703,11.878552025035333,11.888261858922013,11.883934975230467
44,11.777210959615614,11.780093649461833,11.768923252689078,11.78208065032959,11.803606713574403,11.784192459855635,11.778233998779601
45,11.856515169360305,11.885809590618294,11.891603918303211,11.870070775349935,11.929266818523223,11.894844889949896,11.890621213585797
46,12.675763725937609,12.61078541197466,12.53022223011889,12.585976918538412,12.596963731166051,12.582282053757368,12.58883586760449
47,12.387085012375499,12.48064576972424,12.542197580350551,12.532743136088053,12.502847350094354,12.513556711044298,12.51903306392866
48,12.428015476267865,12.434300279249875,12.386916342055772,12.398693084716797,12.426225992882493,12.412444839074318,12.416335982040206
49,11.635143097694478,11.48103681121001,11.497050905168145,11.489784240722656,11.50128022546388,11.492261803797208,11.481726517443647
50,11.751942365440728,11.785301965236384,11.74677109581665,11.758206685384115,11.768206764879473,11.765193871299761,11.758937554488007
51,12.083905011555967,12.102340897982744,12.065728936281976,12.073683738708496,12.099135528793875,12.085978946104328,12.084751827866103
52,11.648330101976432,11.737503587430853,11.7204061976051,11.710538546244305,11.68932845477863,11.71420483072703,11.707149118836591
53,11.608235644774552,11.554055946125764,11.634173934209311,11.578778584798178,11.421777214313957,11.543753879320434,11.53402587451801
54,12.86099861326992,12.747430400838034,12.72744866798287,12.868138313293455,12.870558486826502,12.80468619573955,12.814726813311205
55,11.77528972943772,11.744206501877544,11.71672310975035,11.716266632080078,11.757821217811488,11.734604139946669,11.727868243985606
56,12.103486056755072,12.00267691356369,12.022644189498688,12.021937688191732,11.986515932005375,12.007741136328567,12.00528742273967
57,12.058152515453552,12.179036714474202,12.26049332345093,12.225587526957192,12.2162621142065,12.219226965522559,12.220088880727028
58,12.188417710291453,12.187114072743292,12.164111772341874,12.17585817972819,12.180838909422834,12.177345590546059,12.177550898670484
59,12.991753427493052,13.041754418944514,13.069762189251596,13.053474108378092,13.071616438661986,13.059049402221394,13.073077870773886
60,11.73526869611367,11.708054080412907,11.671549495634972,11.670541445414225,11.702030121543686,11.688819659985377,11.681365964913955
61,11.970350312009105,12.106469240474487,12.070031589013738,12.046140670776367,12.058917658354062,12.070713052550238,12.069246598955987
62,11.522875795823397,11.5329557959101,11.487657279031344,11.495823542277018,11.469518963748795,11.496559531476008,11.486091623961457
63,12.218495165528731,12.260291435847426,12.23615898050803,12.254959106445312,12.232281589168172,12.245943700875104,12.247224475240667
64,11.84939770159144,11.862818873728765,11.786300784273,11.77617359161377,11.833206019168335,11.816057153871116,11.810598260531474
65,12.299107511497363,12.340355973336438,12.344791486718051,12.388508478800455,12.36309005754122,12.359108898217078,12.3621638519125
66,12.666657052859417,12.56062967149558,12.613262543562785,12.641552289326986,12.571923467149936,12.595572246385085,12.602334420979183
67,12.100712129872347,12.42788932951972,12.369467342344324,12.478350639343262,12.394067253086066,12.41754808932534,12.421519239937776
68,12.328290278254423,12.28614637336407,12.26270038181997,12.259210586547852,12.284130481581629,12.273592698167784,12.275306947494203
69,11.289781913656018,11.262177986594205,11.249667401748171,11.230106989542644,11.273345302506847,11.254421263235852,11.240157164661063
70,12.323855681186558,12.284266038413996,12.27986067315697,12.290175755818684,12.273596994726967,12.28184809726077,12.283691772937114
71,12.404923504275338,12.563010487919684,12.496329569539885,12.552804629007976,12.508784615997177,12.530599972271702,12.53634352569557
72,11.771436160121729,11.68447177471628,11.698749060279354,11.779966036478678,11.718614098442584,11.720044847266074,11.713080693883665
73,12.128111104060462,12.164890758345416,12.191169206397262,12.19472567240397,12.161680308168592,12.177426621752403,12.177633200266442
74,11.883799128308773,11.852542545569088,11.87556790195593,11.870827992757162,11.915733731625977,11.87909285914245,11.87462222586829
75,11.584315461056901,11.564848548077478,11.59372145887655,11.56652323404948,11.576636382768095,11.575120102956179,11.565883850980041
76,11.418614785498987,11.484543708325075,11.47022382349737,11.447205225626629,11.513697742652246,11.479846768198007,11.469116841618856
77,11.818570237796182,11.67227695452286,11.678084720391816,11.692701975504557,11.703408887886743,11.68683774057724,11.679352973404765
78,11.751942365440728,11.685844587661297,11.63771219556208,11.661636670430502,11.724158828080936,11.67886515134119,11.671255391650165
79,11.824079893607152,11.720348491941603,11.720552213886874,11.723388036092125,11.83781570901756,11.752234338603683,11.745774845059382
80,11.608235644774552,11.675323557473805,11.642066934647808,11.648914019266764,11.722901567048611,11.673736413950174,11.666046247030769
81,12.173032791451973,12.199633633288087,12.237922230004562,12.237411499023438,12.20535573509666,12.219269261731458,12.220131840046683
82,11.941455846009388,12.025499444340726,12.04501931391804,12.058438618977863,12.050036879216675,12.044557192511077,12.042680673036802
83,12.409013489526863,12.406554505028744,12.381412166997144,12.380515416463217,12.406225191602388,12.39426898236118,12.397875168202082
84,11.747997587149712,11.76408700418113,11.724279023126506,11.74600601196289,11.725077360932213,11.740068590193905,11.733418364694304
85,12.034691028774553,11.989644774848644,12.033351065115475,12.056997934977211,11.990550702392108,12.016455630148162,12.014138540496376
86,12.468436909997665,12.501147260394012,12.455701826895028,12.465835889180502,12.499045863130256,12.481397805418304,12.486369977980688
87,12.066810578196666,12.107592782113452,12.07452275334799,12.080413500467936,12.108177817767716,12.09342067209281,12.0923102236147
88,12.010665849187564,11.989388905118084,12.048009849417868,12.017818768819174,12.023021826733357,12.018892073273303,12.016613181646463
89,11.350406535472453,10.771586670874765,11.155865018403226,10.847214380900065,10.773346861413872,10.880181269125893,10.8600499173889
90,11.724805824005728,11.703280271195055,11.714496066905587,11.722694714864096,11.758095591622949,11.725128962008455,11.718244516270255
91,11.607326140391713,11.553391915588302,11.541210712805166,11.541794776916504,11.62755539893511,11.567364422001692,11.558006578147825
92,11.498826540590727,11.650391902075391,11.681994812952242,11.583879788716636,11.655902207285168,11.643074050508282,11.63490316572949
93,12.004568269319446,11.852964652942076,11.837716867470462,11.880602836608888,11.87383616333868,11.861643353410258,11.85689915058368
94,11.804848531679264,11.904226768367844,12.10555421137189,11.848084767659506,11.932421365440531,11.945076482010176,11.941640325611866
95,12.229545001715316,12.178693978720757,12.216129911952889,12.188555081685385,12.220435676554452,12.20088476428096,12.201459114447138
96,12.128111104060462,12.14540470386892,12.107400868131403,12.09708817799886,12.136095239069093,12.122325596345712,12.121668312977947
97,12.273731294003989,12.27291418030686,12.279262922505188,12.310524304707846,12.27261139850234,12.28345376080272,12.28532260972255
98,11.458997122944673,11.641639387179184,11.74485010344758,11.683916409810385,11.709463235831945,11.693973528018384,11.686600634168077
99,11.326595886778735,11.24902295455687,11.2818551637286,11.25822671254476,11.26367179274746,11.26280582844003,11.248673181253341
100,11.76718001130949,11.641636222562132,11.706812711234472,11.748717308044434,11.565445813987159,11.662701710296055,11.65483854369482
101,12.230765258120545,12.284740119868587,12.249377920902589,12.272517204284668,12.25136999002701,12.264676327257138,12.266250787661358
102,12.089538829274222,12.052279227462456,12.073997442539437,12.026391983032228,12.047255464710068,12.04973293689877,12.047937561618339
103,11.686576205316552,11.646966428884404,11.692361160602792,11.636825243631998,11.69319978407943,11.667346048231549,11.659555694549477
104,12.200557464842063,12.116252573943427,12.162923677951431,12.15241559346517,12.133783367396667,12.140580190445128,12.14020909862995
105,12.040608205802641,11.966042130536556,11.940755205225898,11.922561327616371,11.942721421491925,11.943398558878748,11.939936096366838
106,12.429216196844383,12.44386681740547,12.47733535024124,12.464271227518717,12.445136138105953,12.456977090335617,12.461566400242893
107,11.512925464970229,11.393362436730206,11.378923142703002,11.31525452931722,11.41344353772151,11.376331139188887,11.363978317111659
108,11.652687407345388,11.408992889430207,11.490403632024128,11.442337989807127,11.44892835534126,11.446681778726273,11.43543189866162
109,11.652687407345388,11.629917870044704,11.694362034731183,11.733904520670572,11.724061670816575,11.69515712256679,11.687802784854165
110,12.154779351142624,12.276060631623842,12.176089828764466,12.180031140645346,12.244882775055371,12.221126958153244,12.222018661028581
111,11.82700601127654,11.904404129395628,11.814687432859444,11.80322011311849,11.812699095233407,11.834588507568307,11.829420144757982
112,12.100712129872347,12.058114638462795,12.057698453590296,12.09052594502767,12.067490872512744,12.06837370606372,12.06687057670449
113,12.858319703517948,12.7993639163962,12.74554057550366,12.77132765452067,12.803184765699077,12.78099295818489,12.790662118335764
114,12.287652632522597,12.35829994114136,12.329439842778186,12.25277582804362,12.348827460206222,12.323415571692902,12.325910933184886
115,12.46651198158808,12.406774337776488,12.32145799697617,12.268659273783364,12.37496551255716,12.34487233736993,12.34770409336344
116,12.078239274020289,12.020446700316336,12.019109654942264,12.043538729349772,12.071627490938651,12.039294590291252,12.037335564884952
117,11.842229212112828,11.682552441031389,11.773042380902972,11.682648340861002,11.761390537172394,11.724584121243378,11.717691133610266
118,11.951180395901384,11.90184901803729,11.924359609088134,11.927193959554035,11.900718213862282,11.912964639093373,11.909025040211995
119,12.676076274775909,12.661517421328933,12.772793767824822,12.797727266947428,12.697756278063109,12.730192917037236,12.739065645201272
120,12.007560729337492,12.090736751504725,12.036088400630868,12.029390970865885,12.049507522914832,12.052153839330705,12.050396418431612
121,12.100712129872347,12.058120625053665,12.08502492715814,12.062044461568195,12.08700804451402,12.07300594624102,12.071575440134932
122,11.512925464970229,11.478492134253935,11.49671203946204,11.525542894999186,11.454551817221954,11.487839817046918,11.477235203747675
123,11.820410164718188,11.875017134854234,11.835449555230667,11.827971776326498,11.890215425532626,11.858370108698786,11.853574588654148
124,11.94405831982697,11.983006961957257,12.01526673441757,11.98194662729899,11.987109008612547,11.991370311099814,11.988659939276621
125,12.106252310247962,12.042203351126773,12.014162351186508,11.99697971343994,12.017972806663847,12.018252230480472,12.015963307537609
126,11.344506813345266,11.508931334282442,11.337668924190972,11.364909489949545,11.381959140577175,11.400325119080932,11.388348469397386
127,11.759785542901755,11.777375287317094,11.85199802046055,11.804574330647789,11.812000066265904,11.810579578408383,11.805034808833009
128,11.37366339763672,11.399024426464996,11.454495311351934,11.388998031616213,11.363644858811165,11.400178118321076,11.388199163991617
129,11.951180395901384,11.835763898047192,11.901430475396657,11.883495330810549,11.841235671241277,11.864146007241992,11.859441040477403
130,11.918390573078392,11.84177649197931,11.8792969449931,11.826427777608236,11.772577424523112,11.828490689755649,11.823226726685043
131,12.328290278254423,12.333172455430471,12.24332540043315,12.293564160664875,12.284932764197743,12.289792967516181,12.291761201138932
132,12.404923504275338,12.3198412852552,12.293600256752107,12.2513058980306,12.340406986552438,12.302507270751706,12.304674836452904
133,11.923378114589433,11.926100135799196,11.911510087064528,11.913621266682943,11.899127675098628,11.912519716796712,11.908573142520419
134,12.301382825334498,12.256231662828904,12.253342207702309,12.231294314066568,12.23120103681182,12.242871639712995,12.244104250972393
135,12.100712129872347,12.085029885718884,12.069782445627666,12.058390935262045,12.102487286235066,12.079618878532827,12.07829204853969
136,12.066810578196666,12.136257056397923,12.067207084428423,12.06952985127767,12.143437395226995,12.105819613582703,12.10490355301024
137,11.870599909242044,11.844123877568409,11.88416886467312,11.861496925354004,11.851782730718867,11.859725434673306,11.854951163134267
138,12.049418835484797,12.180585571688397,12.219966955297224,12.212171872456867,12.157112036666541,12.191242641121596,12.1916658241798
139,12.345834587905333,12.405738045693724,12.433465672228982,12.42518138885498,12.38696959995905,12.411968870328758,12.415852551160263
140,12.352335152508426,12.222369111750986,12.21678367066422,12.224801699320476,12.256960227555728,12.230813601036958,12.231857168990816
141,11.652687407345388,11.523268364133196,11.610907003746044,11.593802134195965,11.601675588655974,11.581631913624953,11.572497752398975
142,12.468436909997665,12.395472929689063,12.385404300061149,12.391329765319824,12.395451121216157,12.392108901511977,12.395681222075538
143,12.01974306733868,11.71480595623566,11.738189148274111,11.738807678222656,11.80410043040448,11.749739475418593,11.743240867952363
144,12.225875272826354,12.310513437534333,12.303696551903762,12.285128593444824,12.318353374919127,12.304829966009683,12.307033946421525
145,11.736069016284437,11.868167382115354,11.777057295727248,11.80005931854248,11.778971005496919,11.806725834577204,11.801120646844936
146,11.77528972943772,11.79364245780862,11.76243897236816,11.757988611857096,11.764764217937648,11.770047033118777,11.763866803121573
147,11.56171562913966,11.586881780922957,11.586240754309244,11.531194051106771,11.567153274710973,11.567980290819593,11.55863210242299
148,12.312682380588432,12.294166217939257,12.323477410000311,12.273001035054524,12.306032524259733,12.299012282462625,12.301125054498224
149,11.856515169360305,11.924297434974337,11.891375485184543,11.957086563110352,11.865503727146097,11.909007695357321,11.905006060373406
150,11.652687407345388,11.616763803362469,11.618823871528562,11.61536661783854,11.591804949617284,11.610297604200781,11.601612857431634
151,11.711776323715394,11.806448108524336,11.819971949542252,11.831222852071129,11.811833196551504,11.81705127809614,11.811607970419695
152,12.827729194939907,12.676034119024536,12.68185804133113,12.689600944519045,12.708146422204706,12.689192129740468,12.697422056486413
153,12.154779351142624,12.12916299505403,12.114275790327,12.13578732808431,12.145143318314396,12.131525928785052,12.13101288622652
154,12.367340793126296,12.2195985627164,12.16890001597749,12.197233200073242,12.289256532768997,12.22076573306661,12.221651772733672
155,11.736069016284437,11.529485897456004,11.616626248637488,11.590651830037435,11.601622767993078,11.583797175475787,11.574696960753768
156,11.27720313144916,11.352682086594328,11.233597404397926,11.24403444925944,11.300766241554532,11.284728125751228,11.270939171569687
157,11.603679828238693,11.623218794041088,11.598115108133996,11.623069763183594,11.639941973443989,11.621746642315802,11.61324139107397
158,12.504323669331189,12.526744455710672,12.599571828181348,12.537437438964844,12.507664861899118,12.54130106555538,12.54721238839031
159,12.448626590364206,12.385797993891757,12.355727090929795,12.32828934987386,12.395083810297066,12.367261845049722,12.370444618870835
160,12.676076274775909,12.59857767676055,12.54270438955165,12.583999951680502,12.58832729750275,12.579272075240446,12.585778699299599
161,11.998433280751929,12.0481073407126,11.99151437521669,11.966076850891112,12.066845485342185,12.019921723636427,12.017658974643844
162,12.929991484756872,12.918875576653775,12.913088251629029,12.935002326965332,12.90971073092315,12.919015181933226,12.930848224463022
163,12.301382825334498,12.390070829700988,12.35029654866748,12.378300031026203,12.380877459662628,12.375487222972888,12.37879895247856
164,11.544424132029599,11.459445107665465,11.457246096135927,11.440134684244793,11.487592501429503,11.461692398937661,11.450677852109134
165,11.931635799828413,11.906902934389684,11.865977670662897,11.92676575978597,11.879747906223955,11.894980040773877,11.890758483274976
166,11.755871643580617,11.710738517802142,11.70357743895284,11.733325322469076,11.686332434494142,11.708091468039477,11.700939912179594
167,12.154779351142624,12.12585762045565,12.146558741379394,12.10417397816976,12.161606179860248,12.134889586968217,12.134429279110472
168,12.693498620467778,12.775083732592185,12.775669249672667,12.782728830973308,12.772658942352843,12.77643579286173,12.786033506766682
169,12.119969946476761,12.185257843196837,12.196007539246123,12.19183349609375,12.166427128654236,12.184380618035235,12.184696219789233
170,12.337100907936577,12.339098304433309,12.362434388650188,12.414861043294271,12.334232067180828,12.361666084881174,12.36476112959246
171,11.763684183317412,11.738713650237989,11.736938690205404,11.777825673421225,11.712824612692794,11.740946595494904,11.734310135171285
172,12.2783933071098,12.273577827518906,12.19502094691522,12.205562273661297,12.258668762587439,12.234758624929881,12.23586404210957
173,12.384218830913648,12.328936118393251,12.198107057072145,12.222589810689293,12.292215580753924,12.262821110296715,12.264366485013277
174,12.0015054797889,11.971247781422534,11.909146047698464,11.931451479593912,11.923799090710276,11.934512512024694,11.930910736004542
175,12.122691036591123,12.17274728830626,12.120725173173115,12.134349822998049,12.162168428164671,12.148467556545535,12.148220121139138
176,12.400816722322686,12.265421347710186,12.225102294399166,12.24661127726237,12.209840102831807,12.236719054782126,12.237855207154288
177,12.259613412458204,12.305269337466871,12.358665654450869,12.295458475748696,12.333917747718232,12.322942459653412,12.32543040379783
178,12.058152515453552,12.069652142529325,12.054271536926896,12.032461802164711,12.037070936734024,12.04839882315275,12.04658253192742
179,13.1260306447518,13.036940920736209,13.044930397609903,13.056299527486166,13.118626172240326,13.0651363818791,13.079260280773639
180,11.512925464970229,11.576277999704905,11.642716334392617,11.63408342997233,11.590536823286248,11.60961411042611,11.60091864799035
181,12.083905011555967,12.028012238448431,12.060652803287114,12.050220807393393,12.034670561891488,12.042794175709643,12.040890016041734
182,12.206572520571825,12.021775295376484,12.081420594837176,12.080636978149414,12.051548538544054,12.057888855290322,12.056221346723033
183,11.695247021764184,11.689923029451563,11.704577925715684,11.634956041971842,11.676521508419532,11.676444392178112,11.668796680351885
184,12.206072645530174,12.173896597883433,12.191085314785568,12.229355176289875,12.223732559012925,12.204578512952029,12.205210772905808
185,11.751942365440728,11.779864094952575,11.735811569083577,11.68822447458903,11.726892903084796,11.73328784765027,11.726531315145118
186,13.071070083016778,12.735102245021848,12.67966805422089,12.751290957132976,12.768616069270143,12.734960212966232,12.743907681758087
187,12.061046873479915,12.111064967045776,12.07517886828048,12.06879997253418,12.069688842127862,12.08146087840688,12.080162926886798
188,11.813030057420567,11.71317297043037,11.762739454874264,11.755342165629068,11.702829128800218,11.732256074349037,11.725483365926666
189,11.940393392554734,11.874803383461776,11.863401742606762,11.864897092183432,11.844548167820973,11.861723532776452,11.856980586984523
190,12.56374708980199,12.530068684081217,12.552156801713194,12.522756894429524,12.526834527621531,12.53259524994847,12.538370084901416
191,12.66032791780777,12.455930146973596,12.56022569047692,12.61272939046224,12.4309814743453,12.511777443500895,12.517225901416026
192,12.122691036591123,12.213410615385484,12.086926855619092,12.099208196004232,12.125143910690362,12.13275497954813,12.132261205779919
193,12.165250651009918,12.20503579518894,12.19999863259833,12.192443211873371,12.197505324255376,12.198806350904828,12.199348116158529
194,11.77528972943772,11.859002180808623,11.819962140805169,11.843069394429524,11.84072554576723,11.841174146946326,11.83610903235659
195,11.751942365440728,11.690509855361723,11.710020982081696,11.717520713806152,11.713781073615735,11.707790122544187,11.700633842255227
196,11.908340237224891,11.864309362163745,11.93156242800304,11.91628328959147,11.846677917697226,11.88797602778363,11.883644662893717
197,12.650348126203179,12.664150581475528,12.67109329491744,12.603949546813965,12.749288804011385,12.673687803944134,12.681674657245262
198,12.367340793126296,12.48858608824156,12.60221353322268,12.633812268575031,12.504322349252726,12.554572993285902,12.560692390514726
199,11.55214617812351,11.702768200145067,11.73525196644585,11.687246322631836,11.603809264907815,11.680384885058311,11.672798951421685
200,12.524162674153336,12.63586274834826,12.622061578440158,12.609317461649576,12.6300127036399,12.62464157485838,12.631859492056401
201,11.84939770159144,11.806819344658402,11.863795271214224,11.832515398661297,11.83759815250569,11.834518507925997,11.829349047676518
202,12.052338545588132,12.013301827136535,12.004820042517736,12.019092877705893,11.995295014589942,12.007960229188098,12.00550995048936
203,11.626254150277232,11.706460090373442,11.65731122054901,11.652703603108725,11.66764214198912,11.671643801711564,11.663920827273007
204,11.911701584927597,11.8248094635703,11.887024321542889,11.845728874206545,11.824442913856629,11.84432602314444,11.839310322983632
205,11.608235644774552,11.645941534525964,11.63905810642182,11.670867602030436,11.593887022812112,11.636607611714687,11.62833534751612
206,12.103486056755072,12.096482320420677,12.08480171173754,12.087587038675943,12.130122851947256,12.100499539839019,12.099500072308489
207,11.876873892875459,11.77110261217302,11.82563526814574,11.733126958211264,11.75890917966278,11.771385878433088,11.765226638561279
208,11.856515169360305,11.712902920990627,11.81508764323744,11.784651438395182,11.788809713060845,11.774297105979167,11.768183507699103
209,12.531772785169476,12.453372052362717,12.41106418581098,12.381579081217447,12.38557897926062,12.408100634558629,12.411923670031777
210,11.884489021402711,11.963254489987762,11.90679909661773,11.923200925191244,11.950227807592691,11.93688888168475,11.933324361870833
211,11.49272275765271,11.408345002884046,11.389017080797126,11.406758308410645,11.445384434314867,11.413251432188446,11.40147743842797
212,12.133501952695338,12.022228234845375,12.07657499421039,12.031570116678871,12.021467548079968,12.036990091147157,12.034994936304923
213,12.439871229831715,12.413821764695262,12.40802212649932,12.40895144144694,12.433494877337866,12.416492488829675,12.420447089967325
214,11.957611286231675,11.9220903932882,11.928202558191389,11.91644541422526,11.938339670201515,11.926448691888783,11.92272049305189
215,11.993807212363148,11.94081706487598,11.896991535536694,11.922499656677246,11.93128245692038,11.923606454853244,11.919833696042813
216,11.80894766169701,11.824041079108309,11.837581764929377,11.831863085428871,11.795446512941245,11.821533516667383,11.816160480551554
217,12.254862809699606,12.24424038054876,12.222500664444947,12.215811093648275,12.237224226926534,12.230398578009826,12.231435639323006
218,11.580584113444043,11.404275046635137,11.374449715668726,11.354312896728516,11.471865930292099,11.403066040022335,11.391132361900658
219,12.649154617209645,12.43775896602591,12.382586586672588,12.370917638142904,12.395492417395792,12.397443954127013,12.401099916484126
220,12.0271851854705,12.06804734571542,12.077797639085148,12.103033701578775,12.057995776651945,12.076162992584582,12.074781981963834
221,12.230277334226992,12.248986004493206,12.285900202054108,12.29373836517334,12.236635362156148,12.265210152456792,12.266792982056286
222,12.206072645530174,12.27617745763323,12.25463090780663,12.246517499287924,12.249683565132983,12.256925000063202,12.258377936847001
223,12.100156419938624,12.041572204430253,12.062588442206987,12.063949584960938,12.055919799596515,12.055715820134303,12.05401424319487
224,11.48246625748552,11.611850802178694,11.73295162987402,11.67681121826172,11.685692397370067,11.675467375435279,11.667804346153236
225,12.864240107194092,12.96919004330828,12.942506813466805,12.886956214904783,12.955372833431587,12.939321900697541,12.95147330754371
226,11.626254150277232,11.453177864320248,11.498372417781338,11.46461296081543,11.49683241287149,11.478069644182334,11.467311856239714
227,12.577636201962656,12.45795069663435,12.514103787806343,12.458054860432943,12.483752945397319,12.477922907842725,12.482840601717342
228,11.571194373094205,11.502973866145984,11.464240260010811,11.48207950592041,11.516730960388761,11.492493098556364,11.48196143839169
229,11.736069016284437,11.618232951604194,11.705852425166688,11.67314370473226,11.653323062154712,11.661328271069092,11.65344357198663
230,12.167851432709975,12.14705168487778,12.167107474018673,12.171334266662598,12.143344241041278,12.156653678072397,12.156534582897324
231,11.904967552746252,11.824113103172929,11.829473670904903,11.83668327331543,11.825400519826786,11.828759770219396,11.823500025733727
232,12.90669184092882,12.76475683290292,12.82130435078346,12.827370643615724,12.804958531874126,12.803819342011606,12.813846369239215
233,11.456355113481834,11.455698503462898,11.46962343207512,11.455838203430176,11.482530907884472,11.46608885682329,11.455143236704462
234,11.761346823468706,11.746162695600534,11.78222002894686,11.82127316792806,11.801808428155846,11.787564068738336,11.781658467012425
235,12.285345826424681,12.281479178685196,12.265153812949563,12.264575640360514,12.289952643779914,12.275802958760462,12.277551860071318
236,11.401993904262946,11.384221379476074,11.375762492426304,11.305978139241535,11.405380171828758,11.3688393702581,11.356369093858401
237,12.130810161029627,12.181726723596752,12.11778793422741,12.12097199757894,12.140171633282717,12.141031160213872,12.14066713860456
238,12.178187442040638,12.288742344101983,12.251311964249794,12.248824755350748,12.278514998036629,12.267594573882581,12.269214785922143
239,12.669806661762314,12.503619178626044,12.468885137713407,12.465838750203451,12.484352649049804,12.481227231316687,12.486196729655438
240,11.635143097694478,11.724586024247229,11.730669641198602,11.740115483601889,11.677255396252527,11.717248699279288,11.710240708497416
241,12.478006361013815,12.438369196478178,12.52699015209208,12.539450645446776,12.457336128617735,12.488646307589637,12.493732120591192
242,11.612770799939945,11.556908461880395,11.511583216807638,11.44660790761312,11.576892278485976,11.524816613741118,11.51479171461125
243,11.27720313144916,11.4072004011932,11.405426650391732,11.360695203145346,11.384912867783278,11.38958760072578,11.377442610566831
244,11.695247021764184,11.802106786364352,11.777085016452489,11.79272174835205,11.79577914275545,11.792307221282107,11.786475981669277
245,12.230765258120545,12.368864386764743,12.359366779461938,12.394560813903809,12.346363521389693,12.366931447685706,12.370109041608867
246,12.394624752074764,12.313951809191504,12.3021356365367,12.349818229675291,12.327480690491692,12.32348698314333,12.32598346420849
247,11.827736204810263,11.847326648133404,11.805400376555127,11.856633186340332,11.845994301665348,11.839442086189502,11.834349816728261
248,11.84939770159144,11.91876841812519,11.90974772515029,11.910689989725748,11.907069233715704,11.911601512361694,11.907640542676145
249,12.100712129872347,12.16704071351272,12.15250810966226,12.135297457377115,12.178485440925533,12.158964773196962,12.158881910868168
250,12.531772785169476,12.583748910532105,12.551537602865558,12.431823094685871,12.581473378778293,12.538714554154511,12.544585326226736
251,11.245046019814627,11.227092332228931,11.350919060896304,11.221083323160808,11.167137539235634,11.238681486580255,11.224170623213332
252,12.367340793126296,12.53426409984194,12.602284868276245,12.461168924967447,12.566513841314523,12.540932455967164,12.546837999821209
253,12.061046873479915,12.08299400769225,12.072660864078165,12.066697120666504,12.0893402361553,12.07830157505007,12.076954092659685
254,11.970350312009105,12.090575384174045,11.987063115122371,12.04391606648763,12.042291402242329,12.042279437276212,12.040367207651192
255,11.884489021402711,11.858068259902304,11.883925329713897,11.898006757100424,11.86570349311611,11.875831661822225,11.871309900206384
256,12.345834587905333,12.303296363760449,12.3355718870893,12.330458323160808,12.283660006732068,12.312234790524766,12.314554862163455
257,12.24288661865289,12.216109996772335,12.23333592218218,12.201349576314293,12.235683281651935,12.221729705455159,12.222630858071488
258,12.301382825334498,12.315654785987244,12.345858704535951,12.313518206278482,12.327094251116272,12.325219097064597,12.327742733834762
259,12.352335152508426,12.27880976039161,12.286133274075224,12.278422991434732,12.307738366908511,12.288085300077679,12.290026761262057
260,11.48246625748552,11.53039692447397,11.537798526930194,11.535723686218262,11.515468169076279,11.529467341314088,11.51951535527873
261,12.078239274020289,12.045446917104949,12.016634760452176,11.999011357625326,12.095641694728778,12.040725616107272,12.038789026012205
262,12.528156144699286,12.720981990762636,12.74888333825558,12.759565353393556,12.74238049839771,12.74253753690881,12.751603801335985
263,11.925035115797062,12.002602339732356,11.993929092501489,11.98167896270752,11.993755273001668,11.993151189292789,11.99046873769024
264,11.77528972943772,11.722562405790423,11.707039753737275,11.676312764485678,11.738028392566846,11.711795733320754,11.704702252125598
265,11.198214720130528,11.26690910770092,11.36830784194587,11.210344950358072,11.356661556364061,11.30061357640352,11.287073670859323
266,12.075394321888057,12.111323327719328,12.12276026081492,12.072990735371908,12.135327110193108,12.111037353023221,12.110203095033897
267,12.128111104060462,12.156258939072712,12.120736217792718,12.120766003926596,12.140909111653903,12.135275455412808,12.13482119711654
268,12.097930486910471,12.136083696880789,12.087399286902402,12.106406847635904,12.128039919792526,12.115373279510084,12.114606999232366
269,11.699405031912846,11.618965875859656,11.62607561952366,11.525952021280924,11.66876808263097,11.611215352501757,11.602544993990696
270,11.904967552746252,11.94921298086686,11.964781402305874,11.96001942952474,11.895517198937128,11.941258433380572,11.937762418446969
271,12.491251587763836,12.48650667273665,12.464167208735978,12.498719533284506,12.492728790457017,12.48590312135715,12.490945927282096
272,12.394624752074764,12.224607863324003,12.29110129874261,12.276248613993326,12.254389100231286,12.260568830921958,12.262078894892763
273,12.577636201962656,12.65098228762274,12.638497038113488,12.59846051534017,12.648642847723268,12.634687284521988,12.642062696169342
274,11.842229212112828,12.02807141150207,12.029710373116217,12.00874392191569,12.015379381445788,12.020398614693732,12.018143342295334
275,11.732060994886899,11.753348346232109,11.773088191310094,11.786733309427897,11.751028174309832,11.765455129070395,11.759202908201097
276,12.230765258120545,12.08122402667304,12.05482212835572,12.085161526997885,12.099939055739243,12.080968767738636,12.07966310101462
277,12.211060187041213,12.227885717212589,12.207405755194442,12.222444534301758,12.21603924059825,12.21864395780017,12.219496732736477
278,11.856515169360305,11.60884370407028,11.600429670002962,11.607827186584473,11.670136229697462,11.622858895586305,11.614371082009129
279,12.936751613811438,12.898779077492286,12.871337668393222,12.9032777150472,12.878976812206341,12.888219755362405,12.899569993898046
280,12.165250651009918,12.265807658217817,12.279142445599897,12.286917050679524,12.259748974161347,12.272446445588974,12.274142724216981
281,12.339291489316397,12.277586896322385,12.2984915285411,12.260611534118652,12.261716057950382,12.274143797418393,12.2758666867589
282,12.128111104060462,12.191481333059023,12.162474296545213,12.1494779586792,12.235178959947028,12.186071110162889,12.186413215084475
283,12.24288661865289,12.238859657581834,12.252822219767454,12.26711654663086,12.23813557980805,12.248793816537804,12.250119274396308
284,12.407379502235209,12.338825527816653,12.442462569386803,12.457304000854492,12.36562628415416,12.398910346750215,12.402589298891666
285,12.096257779522967,12.15234424753504,12.127154140454383,12.17888100941976,12.150838105410793,12.15250858537497,12.152324504338901
286,12.011880916165731,12.05096692191851,12.001340362274108,12.028035481770834,12.034335199136676,12.029401464081602,12.027287336396144
287,11.976659481202368,12.120591307154925,12.087133956169753,12.088362058003744,12.135112763292534,12.108791624425596,12.107922158392174
288,11.385092093460344,11.463150412040887,11.471901585011496,11.505009651184082,11.50561588085894,11.486606433294245,11.475982483273015
289,11.711776323715394,11.609499926587857,11.672308045781648,11.682897885640465,11.685877814655901,11.662222355639319,11.654351673820123
290,11.941944326032129,11.854115101359518,11.926248295716809,11.888344764709473,11.939514647851892,11.901888697910698,11.897775452834495
291,12.359780370124389,12.45503810497001,12.417782539765936,12.42403761545817,12.438833840735958,12.434515044569917,12.43875219941327
292,11.819674600139235,11.673671892675506,11.725765446400205,11.681092898050943,11.767122558355448,11.712383594910357,11.705299330081235
293,11.782952602183288,11.778968382576318,11.844276944143004,11.817282358805338,11.756205087558852,11.797503696284373,11.791753925875447
294,12.367340793126296,12.360372429006716,12.372337197404754,12.387576738993326,12.368123182606922,12.371827994280437,12.375082355195218
295,12.025749091398891,12.065240210788616,12.015952604802616,12.004011472066244,12.056405887330683,12.0365145029788,12.03451189196879
296,11.867097278690842,11.92217874507643,11.909133613048764,11.913348833719889,11.912645836304302,11.914462817773792,11.910546707011639
297,11.931635799828413,11.7914046523762,11.802456367599437,11.830412228902182,11.858605012539579,11.82125388552936,11.81587646541742
298,12.384218830913648,12.362425000980773,12.347539636069676,12.296537081400553,12.412947836299972,12.356317747715575,12.359328942361019
299,12.072541252905651,12.121470103199096,12.097379004435204,12.085696856180826,12.12409015380661,12.107846191286768,12.1069619029584
300,11.973509872299472,11.993013890810753,12.008043688165245,12.00876267751058,11.989945448623992,11.9995379720542,11.996955651041494
301,11.964001084330445,12.02554025497392,12.000350888666809,12.024639447530111,12.013887739713446,12.016352894787444,12.014034194473037
302,12.495003937382387,12.523229603231556,12.522273673433638,12.547562917073568,12.508945404242128,12.525135983697218,12.530793873897629
303,12.230765258120545,12.300338354990169,12.322507629229667,12.338876406351725,12.296497091991155,12.31386173795286,12.31620731651917
304,11.917723684090689,11.789081432505048,11.79571847198484,11.775172551472982,11.818234386044857,11.7949710160138,11.789181538794912
305,12.594730635321957,12.550903134502091,12.5857809303513,12.69163735707601,12.568178360816148,12.597812677442464,12.604609977026977
306,12.631013530138995,12.572348917772084,12.557544703863714,12.612765312194824,12.576852761306254,12.579902119830372,12.586418621591456
307,12.323855681186558,12.379342728556486,12.399078368650883,12.383823076883951,12.42361095959607,12.39676098544583,12.40040624036863
308,11.401993904262946,11.560264872832104,11.521712568555987,11.564504941304524,11.464594376515272,11.52696119044485,11.516969913521706
309,11.320553572322773,11.583070789340596,11.6099527732114,11.607125918070476,11.572461518759063,11.59238463736166,11.583419054997748
310,12.793859310432293,12.844927863699588,12.818883962267648,12.828875223795572,12.79748782836481,12.822385109998446,12.832703207295113
311,12.017330520933296,12.049241093787655,12.111982121477403,12.091864903767904,12.055937232771614,12.076023210199608,12.074640008101056
312,11.790557201568507,11.81929655867432,11.8115273418286,11.809514999389648,11.819095985081304,11.81505250414622,11.809577860126886
313,11.694413341015606,11.731547307363067,11.753422792367433,11.779460271199545,11.686451131916948,11.736357198236925,11.729648786342127
314,12.834681304952548,12.700966450682357,12.501950317394751,12.54032548268636,12.612363070043209,12.59199868542689,12.598704834510187
315,12.089538829274222,12.045575893190051,12.034953030870224,12.025312741597494,12.040239970066162,12.036759351392048,12.034760579062162
316,12.146853285870202,12.149638933635597,12.143745218099404,12.135438283284506,12.139955563566557,12.142248778946884,12.141903846899014
317,12.468436909997665,12.461713992794978,12.436640642258975,12.416027386983236,12.486492043592293,12.451318747151767,12.45581934678633
318,12.506177237980511,12.451251884749867,12.4610084496483,12.53374163309733,12.439254827145328,12.470394224427178,12.475193885242069
319,12.468436909997665,12.653687668760838,12.660174094985832,12.622885704040527,12.68573859217868,12.656205376203827,12.66391814380846
320,12.141534124392603,12.193077327540903,12.179092341107728,12.209972381591797,12.176301192031127,12.189473739724091,12.189869190331244
321,12.7444443677961,12.762974803072632,12.731718918107587,12.846149444580078,12.79370318852754,12.784015961188128,12.793732515322034
322,12.777052192115912,12.689456407557715,12.752634792669708,12.714682579040527,12.725088951422402,12.719775170156389,12.728484571152586
323,12.614865543731012,12.504914522239313,12.51323604244171,12.51675796508789,12.45683035160178,12.497004933593741,12.502221791314263
324,11.745425111208464,11.718509262018124,11.726833864506752,11.693069140116371,11.734427469140718,11.718487707052907,11.711499141165199
325,12.396693005138824,12.408839906381322,12.47185773859188,12.465789794921877,12.4681691465154,12.453101795353003,12.457630349229126
326,11.37366339763672,11.412982439583772,11.452961392580113,11.281720797220864,11.433461166516109,11.395853903389307,11.383807154959452
327,12.688498794774466,12.609216617741204,12.56160107620577,12.548057556152344,12.62340366207041,12.586993366840325,12.59362104362839
328,11.886211674714158,11.898695348466545,11.889254522847844,11.886804580688477,11.929465330345261,11.90174801341099,11.897632562713824
329,12.27606501735021,11.955224030274602,12.040672445574147,12.049602190653482,12.006489549098063,12.011682819982681,12.009290903252078
330,11.26446410567173,11.399728688083377,11.3830379939739,11.260878562927246,11.433934256685845,11.371154537197235,11.358720557480838
331,11.686878772093667,11.894200121053432,11.864053636503815,11.875480651855469,11.796673335549535,11.856790619096628,11.851970336157835
332,11.842229212112828,11.734589863645285,11.811131764501525,11.797794659932457,11.772619027856981,11.777890844872136,11.77183358844814
333,12.556729517143344,12.578105865223115,12.59571990270843,12.706891377766928,12.590571977298163,12.616807107754246,12.623902197882435
334,12.240474072247506,12.243659050733577,12.179635784069946,12.222699483235678,12.24913850103924,12.225064003659913,12.226017430677679
335,12.165250651009918,12.241674931517585,12.18416553169044,12.205883979797363,12.237587906211134,12.21846548764508,12.219315464565145
336,12.341258918085241,12.467688096225764,12.35462655283637,12.337281862894692,12.363902587335113,12.382122333693102,12.385538087020299
337,12.841129801965447,12.829845906525554,12.804861234028005,12.843015670776367,12.853627795907817,12.83350599037062,12.843998438408942
338,12.273731294003989,12.28623007212945,12.294923037000984,12.30410893758138,12.287499957652694,12.29294012072507,12.29495769473075
339,12.218495165528731,12.293477190412466,12.233834077190318,12.241167068481444,12.27378630265975,12.261625091759974,12.26315171555827
340,11.951180395901384,11.870598110029926,11.879440019795114,11.87461789449056,11.891450984464983,11.879160735846007,11.87469116672803
341,12.220468525813907,12.299096289291803,12.278957844404625,12.294498443603516,12.262618784365591,12.283618026321617,12.285489450560496
342,11.314474526246391,11.310694615604628,11.369590562213764,11.33628018697103,11.264431704890855,11.318418339056528,11.305157572705422
343,11.379394072345706,11.335201711678906,11.39045406771102,11.400174140930176,11.429303051019014,11.3888048183517,11.376647555901087
344,12.491251587763836,12.569133445266784,12.50880724291804,12.53046735127767,12.549921047810335,12.540563110392963,12.546462863727495
345,11.350406535472453,11.415597926798512,11.402648575979034,11.370265324910482,11.395950223710946,11.396358612830355,11.384319777125251
346,11.850825253582627,11.802263224434968,11.842372279061523,11.837862650553385,11.740305328979268,11.803876324067618,11.79822646232987
347,11.928340903931561,11.861985940524688,11.84092791354339,11.872824350992838,11.848524201519359,11.856136421945221,11.851305882645896
348,11.967180737247824,12.130210522909982,12.09682663792952,12.101669947306316,12.108665603142711,12.109775416298149,12.10892137393955
349,11.944707881395766,12.146950010899872,12.12180216978063,12.136517524719238,12.142331407949717,12.137319010459088,12.136896790573989
350,12.988040814744458,12.988597454205127,13.021901585865464,13.039674758911133,12.964959242762651,13.002526535951013,13.015668851310151
351,12.669998467265833,12.628045944254373,12.576506279653804,12.596151987711588,12.613146362409909,12.604314911519019,12.611214151713963
352,12.154779351142624,12.181999770886195,12.217579806715706,12.232336044311523,12.194018657568193,12.205720750574706,12.206370918281287
353,11.461632170582678,11.568189502259004,11.407600533866376,11.378469467163086,11.463780908162022,11.456948318511913,11.445859395023174
354,11.570250531589497,11.593302964470238,11.608847263574182,11.567026456197103,11.580938458868246,11.587276579783161,11.578230914404466
355,11.84939770159144,11.912480334918833,11.931462179403107,11.924142201741535,11.892217622858896,11.914382392135657,11.910465020477856
356,12.086725887897607,12.0389212882922,12.087637834918652,12.04926331837972,12.00884472137796,12.044849589190518,12.042977653847734
357,12.061046873479915,12.036637980666772,12.03455191758755,12.012614250183104,12.048371165557505,12.033420901556424,12.031369789736736
358,11.805595078933049,11.82573183427037,11.891219146306083,11.883100827534994,11.804780562883465,11.849417795224609,11.844481922758083
359,11.77528972943772,11.630464080935695,11.748852898528318,11.685028076171877,11.688714477767503,11.686793718194028,11.679308260848213
360,12.542544882151386,12.554467309162863,12.501610318201246,12.54417324066162,12.560812849071878,12.541300706110135,12.54721202330976
361,11.957611286231675,11.923033774708143,11.924552231128551,11.928394635518393,11.895286224663273,11.91734452984138,11.913473597933724
362,11.884489021402711,11.875316426055688,11.891289995591592,11.893418629964192,11.90017854123218,11.890027385349402,11.885728181196862
363,12.198544379109382,12.088599208508493,12.130183951575148,12.1250581741333,12.174463175955985,12.129902141738743,12.129363641800369
364,11.678439903447801,11.644720907410326,11.576455761346734,11.602985382080078,11.643284943720095,11.618256969234974,11.609697007658221
365,12.154779351142624,12.118020753256678,12.106078384500345,12.118705113728842,12.121552174562183,12.11633258719738,12.115581346736759
366,11.898187865760873,11.70691793563131,11.735671192960618,11.75451374053955,11.753804666874052,11.737610006848778,11.730921236214682
367,11.976659481202368,12.073970287528788,12.026978202490264,12.037457784016928,12.01132882001284,12.03753959190033,12.035553052011288
368,12.013700752882718,11.983444835767536,11.992454160542955,11.9901762008667,11.932144311523578,11.973602447239557,11.970613514714513
369,11.790557201568507,11.823130220537855,11.854521351597205,11.861640294392904,11.842783503422892,11.845021016384091,11.840016212176007
370,11.99535161421452,12.023267264234557,12.011302967189543,11.99487813313802,12.018722072060898,12.012372656241485,12.009991554613583
371,12.05757263721173,12.098237739024698,12.085589579575815,12.105849901835125,12.07734153852406,12.091600440376158,12.090461454701426
372,11.808813773969108,11.63491104702679,11.739270119831138,11.660507837931316,11.729629018017265,11.690581484975,11.683155411412248
373,11.736069016284437,11.687971077720343,11.726057950828965,11.64723300933838,11.689905757351852,11.687482478983314,11.680007819879222
374,11.719939634354555,11.735963390311577,11.70600841316534,11.711541493733725,11.710452413457013,11.716279723231338,11.709256541053914
375,12.299107511497363,12.224518550587575,12.223828090827368,12.227092742919922,12.21405782026671,12.222213130829504,12.22312186248362
376,11.018629143155449,10.807147139070793,11.08364912294561,11.09628995259603,10.938899524419313,10.976854888549541,10.958239164773728
377,11.904967552746252,11.842539889044367,11.866077979024077,11.840287526448568,11.829851775666649,11.844131276342617,11.839112522983843
378,12.736700896592344,12.563813224286145,12.516428271037038,12.579257647196451,12.547877283049159,12.55227844245434,12.558361866214709
379,12.885202034321916,12.713349364378152,12.728526603375728,12.76711336771647,12.642168053476333,12.711110048132443,12.719683599231793
380,12.095141084822892,12.081748579402335,12.09568244973252,12.12510871887207,12.10320447744382,12.101217390401134,12.100229177175454
381,11.751942365440728,11.917957979088868,11.920132632629928,11.910380681355797,11.956201725628446,11.926750274048414,11.923026803350972
382,12.142866569626381,12.25252777315212,12.228992460529206,12.264209429423014,12.254470793065053,12.250382952889236,12.251733324881531
383,12.271392111650817,12.2199255136912,12.235678011829904,12.216348012288412,12.196095163525541,12.216426551272125,12.217244562191576
384,11.238488619268468,11.29563501515692,11.277246579451605,11.275075594584148,11.261489533810925,11.277305265500356,11.263399937331627
385,12.388394202324129,12.499554937096288,12.518828325937,12.440086682637531,12.491306400040264,12.487425789294095,12.492492467275499
386,12.165250651009918,12.126133820111692,12.130856118991977,12.111170450846354,12.114303664837545,12.120469586045024,12.119783204551785
387,11.302204433654575,11.291388515427249,11.38921039756102,11.259374300638834,11.298264026735174,11.30827966093469,11.294859942595002
388,11.736069016284437,11.84854814777278,11.779281546686835,11.794968605041504,11.829117604360958,11.814208830477448,11.808720959525989
389,12.160028707028767,12.176014771711172,12.197648532901036,12.178617795308432,12.180310306890656,12.182837394142906,12.183128801568653
390,12.962194625251508,12.98798585231862,12.941800908508029,12.93594487508138,12.982739674163929,12.96316684838622,12.975692091131625
391,11.686878772093667,11.810342169081858,11.718204472845406,11.735800743103027,11.729505714648662,11.749311022951474,11.742805698300732
392,12.2783933071098,12.340594150515711,12.282057541028324,12.290675163269045,12.349335612968025,12.31710895342609,12.319505441129726
393,11.575900264131617,11.492395254911903,11.554485261919536,11.614265124003092,11.528211181787372,11.545986627488226,11.536293627225547
394,11.512925464970229,11.329942197025993,11.34727279620882,11.389251708984377,11.374800209203466,11.360274854413998,11.347670305399241
395,11.59910316121128,11.598862056660414,11.623985696207308,11.609044710795084,11.665767739272182,11.624917428409871,11.616461888062197
396,11.76756768334381,11.784935533668069,11.788022497279805,11.739937464396158,11.778020441110144,11.77289409254118,11.766758498121845
397,11.719939634354555,11.689597401164775,11.713946308453927,11.73098882039388,11.708743436990787,11.710409033693502,11.70329381212345
398,12.040608205802641,11.857132979140244,11.945081158288268,11.940705935160318,11.91355567880799,11.91291604238361,11.908975681613596
399,11.112447898373103,11.12175992270562,11.30377391851436,11.17854372660319,11.034078510914043,11.154853813967993,11.139028718597663
400,12.392552212472792,12.249773569932913,12.237247911861711,12.207276662190756,12.272541896890408,12.242551900160324,12.243779498612616
401,12.411052226216713,12.44576121742262,12.350157113537222,12.367318789164225,12.43003116797815,12.40020987074326,12.403909196538992
402,12.01364014498549,12.195070759616982,12.137242001834034,12.166543006896973,12.117602721020319,12.154123344452282,12.153964579257522
403,11.589886506106357,11.56035241125979,11.535260999753172,11.55684725443522,11.581407975364206,11.559214815002736,11.549729203384366
404,12.460714863903755,12.386551906168773,12.427567178411152,12.431618054707846,12.407308854441075,12.412575520107046,12.416468711861718
405,12.031719258385396,12.053055775220663,12.056257918892872,12.027354876200356,12.066531214407656,12.051127684595732,12.04935417586608
406,11.918390573078392,11.92010004608034,11.97408607844936,11.933085441589355,11.940407975584217,11.941240777684122,11.937744485948352
407,11.652687407345388,11.599380482363864,11.701284340451457,11.703914960225424,11.570425400988041,11.64091142920862,11.632706639323857
408,12.083905011555967,12.050640957812732,12.023421101887124,12.048086484273275,12.01237630902039,12.033531947310612,12.031482576442086
409,12.542544882151386,12.55100627861483,12.548432530747894,12.567936579386393,12.54808069413042,12.55374355622217,12.559849949717261
410,12.73596533201339,12.713659580400892,12.648446048483152,12.676807085673014,12.713081918835284,12.689321911718382,12.697553873157926
411,11.002099841204238,11.466829148527362,11.480347929325658,11.484689076741535,11.503924184572682,11.484146593091719,11.473484078231257
412,11.884489021402711,11.823921577929868,11.833009504417312,11.799885114034018,11.845420910792958,11.825896934218992,11.820592306813698
413,12.310432660854417,12.44449211322737,12.449749407451831,12.418423334757486,12.430304944453743,12.435630902561265,12.439885551583304
414,11.652687407345388,11.567579205242568,11.528149217906124,11.544933319091797,11.552430824103524,11.54885745110785,11.539209458992952
415,12.337100907936577,12.387804551747156,12.423773985638002,12.433403650919596,12.397166966895044,12.409762341167042,12.413611428514672
416,12.106992367829498,12.187191569194034,12.146649743548608,12.192652066548666,12.158429464138592,12.171433906482376,12.17154653251092
417,11.915051671812877,11.972613068885854,11.960354545758646,11.947572390238443,11.993902303572959,11.969302952351098,11.966246613281116
418,12.384218830913648,12.394652233846154,12.348129210153864,12.3644167582194,12.433355438803119,12.386687363969834,12.390174686847983
419,11.744037185933616,11.580547408213448,11.618307605293394,11.63170878092448,11.5718723657497,11.59949926609553,11.590645225332178
420,11.863582336583399,11.82848284873926,11.843160665861836,11.848495165506998,11.832475552152362,11.837829947044593,11.832712402816773
421,12.237086699059343,12.162098709069207,12.212719588400546,12.25647004445394,12.116015994216282,12.184647898512896,12.18496769063204
422,12.2783933071098,12.288498163795156,12.252813089720073,12.2629607518514,12.253633207565976,12.26472862118656,12.26630390144362
423,11.635143097694478,11.613631154397376,11.602889092279405,11.64123503367106,11.622036975768388,11.62005358867397,11.61152179410569
424,12.66032791780777,12.61426132248817,12.658041137948883,12.669441223144531,12.658429406171736,12.64958582713761,12.657194814892941
425,11.842229212112828,11.87315951573017,11.859725213791956,11.855101585388184,11.868716697588857,11.864458487324463,11.859758419554586
426,11.813030057420567,11.830907600508125,11.843504744999558,11.82069460550944,11.836155862053332,11.832758301458568,11.827561245075257
427,12.524526376648708,12.41163977742776,12.387127137225514,12.413801511128744,12.389399126640976,12.400551237696073,12.40425591536858
428,11.59917655301345,11.627179872979958,11.678125522768626,11.666733423868816,11.65949625218628,11.657244112600798,11.649295382970921
429,12.182804018590819,12.19655610160846,12.18429993314028,12.194202423095703,12.184046741450041,12.189809739400955,12.190210457737901
430,12.072541252905651,12.11219786257844,12.112072990570631,12.093027114868164,12.110499304464112,12.107061724910658,12.106165137889208
431,11.355101379776661,11.426343472018546,11.462006338870006,11.454034805297852,11.481973348545237,11.456128677228016,11.445026903581649
432,11.288531131754366,11.559135950980156,11.581019755864927,11.63084920247396,11.4007251698568,11.539729311716217,11.52993821061897
433,11.715866308966918,11.677254944685282,11.720995959282808,11.762589772542318,11.683530251783646,11.709863873599506,11.702740105128171
434,12.106252310247962,12.09786235147654,12.097898217583769,12.075761795043944,12.088394560549881,12.089995069281555,12.088830914948263
435,11.302204433654575,11.3235453624401,11.3276997916475,11.324989318847656,11.373848734865836,11.338184491540325,11.325233614625116
436,12.26434155365415,12.29502689480016,12.257414631455548,12.252448081970217,12.30935210687636,12.27969050763568,12.28150035709155
437,11.661345470088502,11.643006237103656,11.56703365786437,11.56890074412028,11.658751382058142,11.61142698862547,11.602759948099486
438,11.686878772093667,11.657705905948731,11.681717869357334,11.720022837320965,11.665691643731778,11.680567679842534,11.672984612022743
439,11.411446296020374,11.522188876882163,11.541624231456614,11.50469716389974,11.479278888667059,11.5111184511419,11.50087879520065
440,11.608235644774552,11.847037855626688,11.788354360480708,11.80129877726237,11.739531683876486,11.793756843720166,11.787948330972362
441,13.226723392728571,13.106324747521944,13.065259115433518,13.11512565612793,13.151363965516992,13.110795399518729,13.125635130552658
442,11.678439903447801,11.570043855457165,11.708126810623137,11.678480466206867,11.605158532492446,11.637935808473319,11.629684367454407
443,12.000891794590137,11.92673182964395,11.938062534049957,11.91812229156494,11.86766109689367,11.911647592623014,11.907687345373771
444,12.058152515453552,12.177729872764395,12.15395895686263,12.120570500691732,12.194356205527086,12.162693489006315,12.162669084672304
445,12.254862809699606,12.277487386670368,12.263996010141405,12.280932426452637,12.286908323914085,12.277667357959855,12.279445488915512
446,11.755871643580617,11.921826122564056,11.931628780750126,11.914944966634115,11.950525612633234,11.930042333513686,11.926370475007916
447,12.154779351142624,12.22519012293334,12.286134532141524,12.219283739725748,12.244838390696687,12.243191973750399,12.244429607137103
448,12.205572520488492,12.226639758060395,12.243939686100283,12.208345095316568,12.191267140248245,12.216871039812789,12.217696019326823
449,11.691071650353702,11.750047525796802,11.747184543874043,11.762139956156412,11.812559748259595,11.768866835443326,11.762668102563875
450,11.695247021764184,11.657438014729824,11.659514277800488,11.6904935836792,11.710236389170484,11.679931918122618,11.672338882968976
451,11.608235644774552,11.521039923566748,11.538793669237752,11.517618179321287,11.54492801562251,11.530679852210405,11.520746875656934
452,12.542544882151386,12.384486547807398,12.349275425630404,12.326667149861654,12.443675518745069,12.377886335822593,12.381235678097278
453,12.225875272826354,12.271069339639643,12.230026997041357,12.222861607869469,12.265468505253969,12.248288830975415,12.249606371780198
454,12.254862809699606,12.21164079122351,12.30372147643712,12.28121026357015,12.221613147533825,12.252689240490268,12.254075769957533
455,12.144197241812087,11.987704043306758,11.942425531735369,11.891250292460125,11.971184724917387,11.94932267332066,11.945953087785394
456,12.075394321888057,11.996231188758856,11.995588556544286,12.028312683105469,12.006544062749844,12.006605220312398,12.004133698079468
457,11.49272275765271,11.376563334909982,11.319271826699309,11.24307378133138,11.417683897185057,11.341639101680796,11.328742385391362
458,12.4529327234617,12.274860034467885,12.327229547166866,12.268843332926432,12.243755650611845,12.277395309053755,12.279169174885883
459,11.9891596439666,11.935037100678898,11.99300266508486,11.96381950378418,11.970389918119567,11.964928184763838,11.961803259039934
460,11.608235644774552,11.733541199489345,11.731884331256174,11.613093376159668,11.686399440004722,11.691412103418278,11.683999052110668
461,12.481561937216318,12.397094355858927,12.408207304514375,12.47087319691976,12.392937227856272,12.416512957767193,12.42046787981239
462,11.951180395901384,11.996188525762532,11.934308931949309,11.927609125773111,11.932607364219356,11.948241552759544,11.944855017651463
463,11.041048081342682,11.68540422604344,11.702910942141807,11.734451293945312,11.732535398773571,11.713886724955948,11.706826025872477
464,12.147913731356642,12.095771677654833,12.163489325626337,12.20799160003662,12.152666279488278,12.153913825883386,12.15375177590211
465,11.728036844587175,11.635432977318423,11.666761285785512,11.670883496602375,11.603654989117734,11.642949217637304,11.634776375755935
466,12.093687514935382,12.061548657847004,12.071686161592549,12.093200047810871,12.050630885027246,12.068715230423237,12.06721745540857
467,12.025749091398891,12.081321694137657,12.033262068147971,11.980720520019531,12.09164831258071,12.048390733058332,12.046574314998264
468,11.894780707439258,11.986417901848538,11.987036509106934,11.955349922180176,11.934164866574376,11.965180677250178,11.96205971004851
469,12.429216196844383,12.417934745167658,12.448106449107533,12.35367743174235,12.404373196146961,12.40578104104955,12.409567710440598
470,12.138863895836725,12.101641817448888,12.108151402046138,12.092212359110514,12.099628113577692,12.100338366973505,12.099336372609875
471,12.26434155365415,12.320909944487736,12.27253464458139,12.334860483805338,12.329458089646096,12.315263174397877,12.317630724379704
472,12.154779351142624,12.158421353681073,12.16715009230235,12.132937749226889,12.21386890024763,12.168949157070248,12.169022827738393
473,11.904967552746252,11.81286517264966,11.838788758888436,11.839364369710289,11.809494902450048,11.82446547106981,11.819138401496868
474,12.994530005894443,12.764631789359314,12.808348662929154,12.81050936381022,12.772148385888306,12.78797811255135,12.797756784431838
475,12.43320821811392,12.443463634638109,12.407590738209214,12.466862678527832,12.457668604534112,12.444530099091153,12.44892426777919
476,11.794337924408413,11.82619452514806,11.840971702533391,11.841832796732584,11.862328903642096,11.843011834674465,11.8379755309529
477,12.249610947544657,12.29320903520535,12.268497799268994,12.248191197713217,12.281985766894524,12.273529364439181,12.27524262083319
478,12.84792653170257,12.82984793887048,12.90259398100864,12.935398737589518,12.848920725399184,12.877530940885382,12.888713602514418
479,12.601487417784837,12.597908630996708,12.624977420642711,12.62736701965332,12.604986123240407,12.613261390637007,12.62030089178407
480,11.401669829409995,11.663054798904724,11.696536538097194,11.675897280375162,11.756639522646944,11.698771907467243,11.691474241565412
481,12.694652660348845,12.737873180014004,12.737491689574457,12.74538548787435,12.72800289436877,12.736995896402291,12.745975280195923
482,12.832011076396668,12.77542437917207,12.745442770168198,12.73856290181478,12.80851448341099,12.768227301471946,12.777696324435734
483,11.951180395901384,11.994564492358288,12.09529286497868,12.04751205444336,12.027834984286097,12.039762975391092,12.037811293224427
484,12.007621706806335,11.989444431967902,11.949905973730663,11.962679227193195,11.96922262906125,11.968353404132195,11.965282178251938
485,11.794337924408413,11.807130628744693,11.798459749812656,11.81078084309896,11.825876147509836,11.810955082439955,11.805416199935047
486,11.898187865760873,11.863916645753944,11.889931824105998,11.875922838846842,11.884712590322522,11.878415547271182,11.873934295248944
487,11.957611286231675,11.90955468248474,11.90319740349464,11.92550786336263,11.931461377875278,11.917745294113315,11.913880645300676
488,12.072541252905651,12.106875225608958,12.097658726485657,12.103520393371582,12.083433953467507,12.097701360938306,12.096658024168084
489,11.982929094215963,11.76014243085625,11.663458489402435,11.62152131398519,11.723520421229898,11.69418805530049,11.686818524762213
490,11.362102575235644,11.420262443856894,11.484919670617764,11.559043884277344,11.443396532473349,11.475204317766206,11.464401607859767
491,11.652687407345388,11.636613625635391,11.638035615404982,11.55244223276774,11.552109171195903,11.594124621960532,11.585186318696396
492,11.79810440720389,11.879014699036093,11.906779099468553,11.97629197438558,11.859204016427535,11.903886871724223,11.899804953582102
493,12.059803326028716,12.10243331592469,12.055469022405603,12.069026311238607,12.109934506653373,12.08533405889405,12.084096830254524
494,11.951180395901384,11.911212935625503,11.916325649306744,11.938767115275065,11.948015982873285,11.928844757274293,11.925154123428934
495,11.421906066583059,11.413941949495875,11.484558246880516,11.486350695292154,11.474387895830473,11.46402978206178,11.453051880217066
496,10.460242108190519,10.900000312161351,11.183476425620457,10.972515424092611,11.158864881925041,11.052363642071121,11.034931728096096
497,12.971540487669746,12.977209946820771,12.868099104516284,12.877113978068031,12.950727989075771,12.92039679500406,12.932251498162827
498,12.122691036591123,12.054902522815333,12.0473535115236,12.057430267333984,12.037960670335112,12.049267968674831,12.047465303723799
499,11.77528972943772,11.78065210446947,11.805446956451638,11.80878988901774,11.794733504937206,11.797007226555532,11.791249672602271
500,11.695247021764184,11.703318298813857,11.785053767085662,11.760642051696776,11.745134446938494,11.747406238597046,11.740871051151831
501,11.635143097694478,11.62168735200615,11.621839079344197,11.616227467854818,11.636852154572312,11.624411319741078,11.615947844731867
502,12.33138283649562,12.260788062770326,12.28825272447232,12.281700452168783,12.266117538667308,12.273694358690832,12.275410201828802
503,11.84939770159144,11.850054666204556,11.854090538668691,11.822152773539225,11.879599851293328,11.852041128272536,11.847146383850482
504,12.57418196709457,12.575987175307995,12.492152660613469,12.53304672241211,12.580854797637771,12.547262876312889,12.553267667119094
505,11.898187865760873,11.786824279092976,11.874473143294788,11.88836701711019,11.770974459389548,11.827768548673435,11.82249326403214
506,11.732060994886899,11.70886009267688,11.689116469318217,11.702492078145346,11.659457145168254,11.689621954576909,11.682180837705447
507,12.2783933071098,12.317702389144692,12.300190498273455,12.317644755045572,12.2871212253024,12.30550166924219,12.307716180471093
508,12.246734627249063,12.11661254524365,12.183890593321935,12.115310351053871,12.118839144690376,12.132599822311366,12.132103616021773
509,11.9891596439666,12.02062857854763,11.923419004252942,11.980056444803871,12.038663152763752,11.992841614541017,11.990154309492898
510,11.732060994886899,11.831272051638171,11.881806059171486,11.878986676534018,11.875562437369931,11.866392925056456,11.861723184980248
511,12.01309450854769,11.997357949820229,11.977036115653538,11.897935231526692,11.973555950556829,11.962156323814936,11.95898794145846
512,12.219309648562168,12.210744956773766,12.157514904298688,12.172821044921877,12.19760288592809,12.18561951176464,12.185954536624843
513,11.77452020265869,11.620120912757455,11.740244535898668,11.738999684651692,11.659667837017638,11.687528339766633,11.68005439965792
514,11.805595078933049,11.877668645319034,11.859938455740286,11.875446955362955,11.898887415875755,11.87860541927692,11.874127144026655
515,11.477298287327077,11.392039370858692,11.515210195371449,11.46715291341146,11.509274875576887,11.470094682937972,11.459211865288973
516,12.906346868281233,12.894489069817032,12.943833507754771,12.934784571329752,12.917764940892944,12.921966055891023,12.933845361580376
517,11.970350312009105,12.024393996191623,12.01336991743974,12.013007164001465,12.110566997588416,12.041867424034407,12.039948734955471
518,12.487485104968359,12.45550057765314,12.524075782359963,12.488878885904947,12.477691842700253,12.485501701062741,12.490538213607692
519,12.259613412458204,12.231341773914243,12.191648866001758,12.18693987528483,12.246789557572207,12.215373721567762,12.216175226452291
520,12.363076394339839,12.41084440340942,12.46035156717275,12.44682788848877,12.463924369305602,12.445202587665293,12.449607299482805
521,11.573550086786664,11.46694892777586,11.46881833758368,11.39356009165446,11.543987533618393,11.469952981066108,11.459067941846007
522,11.918390573078392,11.954741667285225,11.945833013813854,11.936019897460938,11.949086859133153,11.946615544914494,11.94320351760937
523,11.976659481202368,12.025954046431735,11.926979709752914,11.98614470163981,11.996872170143988,11.985465954819489,11.982663015783807
525,12.662706040212738,12.582550045479984,12.610604574402586,12.57513682047526,12.608980430735956,12.594299332026726,12.601041550146604
526,12.078239274020289,12.141674251419902,12.122679334073077,12.095298449198404,12.153024800102346,12.128976336871592,12.128423322366041
527,11.790557201568507,11.768819586256283,11.794686265384072,11.817857424418133,11.838045891115335,11.805102240534683,11.799471598448445
528,13.008659261632127,12.984611734800966,13.038324552892,13.014824549357096,13.009200249886637,13.011007118446118,13.02428239053154
529,11.362102575235644,11.380961194906028,11.32284716843427,11.360186258951822,11.274954700476288,11.334274937097959,11.321262767039244
530,12.209187788430318,12.368994182737453,12.385281470022944,12.366738637288412,12.364583587846587,12.371082728803884,12.374325405608754
531,12.072541252905651,12.127394135421325,12.1670293654732,12.108319282531738,12.114599048928156,12.128630213699044,12.12807177274974
532,11.759785542901755,11.824658268902295,11.838253502882884,11.77242342631022,11.82001115686019,11.813913623543083,11.808421124401567
533,11.585246126549855,11.449445563917427,11.55251221376807,11.525201161702476,11.511010091666073,11.508222042771312,11.497936977570125
534,10.578979797857352,10.615500961448396,10.957279241622713,10.948840141296388,10.73847793167908,10.808868874099494,10.787619502156726
535,12.089538829274222,12.20243699884717,12.122299905131053,12.13984521230062,12.124690682053883,12.147929959143678,12.14767409540224
536,11.585246126549855,11.816190183249098,11.820673371650352,11.83906078338623,11.806456004190016,11.820216265010389,11.814822577309824
537,12.144197241812087,12.20427716449671,12.181041955762865,12.226979573567707,12.162883384547948,12.19340621540335,12.193863318508171
538,11.619535200028487,11.686598519028893,11.7537199377499,11.7244291305542,11.689059965554117,11.71211817133452,11.705029745252354
539,11.970350312009105,11.81021240186722,11.853543992797087,11.85282071431478,11.818982812844615,11.833006463580055,11.827813297828465
540,12.513557345278134,12.37545474538338,12.407155238179568,12.45240338643392,12.403487209455717,12.408974342474117,12.412811075749774
541,12.66032791780777,12.73808158485154,12.808668379035272,12.767991065979004,12.744339124974516,12.763491342524787,12.772886116155137
542,12.421184025147118,12.45578093580059,12.422276857160863,12.377850850423178,12.438112676011002,12.424345605314716,12.428423325903134
543,12.270220465353926,12.165087673828031,12.274359466939687,12.294297536214192,12.136035503877716,12.214308392911645,12.215093195805407
544,11.79810440720389,11.810959630267956,11.847136345519669,11.900641123453775,11.86309158810622,11.854998434768156,11.850150054353588
545,12.09884928474215,12.302733316938577,12.220524373876064,12.217022260030111,12.25820378685305,12.250920101357798,12.252278894646855
546,12.341477282536376,12.36564693193708,12.388847321248765,12.39133358001709,12.33946806786834,12.370375122548058,12.373606705656083
547,12.254862809699606,12.101900465890958,12.121209673196867,12.120731989542644,12.141650166966516,12.12150924738555,12.120839165476491
548,11.771436160121729,11.732169498242188,11.778295179380804,11.775307019551596,11.719259422159212,11.750004756346335,11.743510307896743
549,11.736069016284437,11.6759575297933,11.73229850666914,11.727442741394045,11.704015905478899,11.709053269066953,11.701916792114211
550,12.479909311159902,12.326155412193728,12.357723265508168,12.346158345540363,12.337552595115111,12.341405596423797,12.344183001607401
551,11.84939770159144,11.812777497476718,11.846216146053044,11.842263221740724,11.856478939516288,11.839321021268095,11.83422685377737
552,11.630708500626612,11.630889161617803,11.658680146978492,11.653189341227211,11.639657914387149,11.645119381984898,11.636980563467764
553,12.450977688625896,12.49689073630508,12.506153910699837,12.499271074930826,12.4993851179728,12.500293002062339,12.505561409404557
554,11.589886506106357,11.552588727840725,11.657047296053737,11.613297780354818,11.5663133650369,11.595369188904133,11.58645039768962
555,12.556729517143344,12.471464607291812,12.470738420465445,12.451866149902344,12.522308867578788,12.479995005199584,12.484945184965504
556,11.635143097694478,11.611226611218768,11.665417796198083,11.676201820373535,11.632670701668538,11.645346280471745,11.637211019219697
557,11.856515169360305,11.844254273018995,11.902343340123162,11.884068489074709,11.859413406812322,11.87150788562987,11.866918336792095
558,11.589886506106357,11.4375821273019,11.73223200699603,11.376045862833658,11.624181099428048,11.540856791115633,11.531083366394979
559,12.072541252905651,12.251084091784811,12.171637101080607,12.226526260375977,12.228881230722555,12.220683391026132,12.221568139752607
560,12.363076394339839,12.1618224561854,12.145407477560552,12.15314769744873,12.16334830881888,12.156284971238549,12.156160095557995
561,11.70766954176274,11.997289127557474,12.040736477493695,12.032402356465658,12.074960928574038,12.036531277205208,12.034528929177869
562,12.043553716032399,12.008302522172857,11.989912281079162,11.980237325032553,12.012277760765045,11.998241515540848,11.99563886896514
563,11.589886506106357,11.698102871662236,11.661797444919626,11.681585311889648,11.657696134046125,11.67491247809246,11.66724074925067
564,12.128111104060462,12.071038310263466,12.063050060370832,12.096357345581056,12.06876937496085,12.074722702131476,12.07331911095053
565,12.498742259492994,12.507833468230393,12.468017122737768,12.428123474121094,12.474471988705124,12.470336543947457,12.475135300460343
566,11.759785542901755,11.736072944203055,11.731020377625264,11.764452616373696,11.693331447277108,11.73047131432093,11.723670624819349
567,12.691580461311874,12.684809873776445,12.598198873764057,12.685588518778482,12.712280162622386,12.672042164463143,12.680003217786716
568,12.273731294003989,12.21585203738011,12.200301792622447,12.19461186726888,12.197732689433735,12.20226279851792,12.20285875320489
569,12.66539442642905,12.573285695102353,12.480288823332303,12.54507541656494,12.587892494485905,12.548578321018766,12.55460373508072
570,11.820116003810051,11.83841793919684,11.888695991217435,11.858989079793297,11.804694588318368,11.846230485428627,11.841244643012942
571,11.867798786962332,11.955751531388644,11.83581404451195,11.865047136942543,11.871564280201467,11.883413482550768,11.879010587069882
572,11.695247021764184,11.669426982850064,11.69862518636974,11.747004826863607,11.652910901669637,11.690720597045154,11.683296704451154
573,12.321630986164447,12.281358422915162,12.268133218271153,12.3012269337972,12.256670410902274,12.276559961769433,12.278320731208678
574,12.043553716032399,12.034055565443332,12.033933159680322,12.059182484944662,12.03021673103469,12.039114873732988,12.037153030769607
575,11.842229212112828,11.779347126430665,11.694019718162217,11.61748472849528,11.746629026344557,11.711432715770925,11.704333543265646
576,11.682668239557323,11.652574793281566,11.600719599403265,11.675381660461426,11.633228527090454,11.640881608192316,11.632676350780152
577,11.884489021402711,11.878276268673972,11.909863877731306,11.935360272725424,11.882509767311907,11.900642798814758,11.896510020803738
578,12.010665849187564,11.954374969244034,11.995355486579022,11.942155838012695,12.026991372798685,11.980203754524464,11.977318315858044
579,11.891361900690473,11.94072804872107,11.945625653989303,11.931724230448404,11.97836975583725,11.949650397521916,11.946285949975337
580,11.786762130599957,11.777393966993833,11.795184505214609,11.791645685831703,11.84102968685459,11.801859337000261,11.796177853378333
581,12.111212364506214,12.106729674599691,12.084993053053594,12.119373321533203,12.108763457806534,12.105262706880826,12.104337915246319
582,12.442302200392747,12.768217189390944,12.842050933640946,12.77755069732666,12.790387030192242,12.793599520261626,12.803466323348514
583,11.682668239557323,11.618783708957082,11.718564506199613,11.726639747619627,11.565675431332926,11.654231059353414,11.646235091730613
584,12.691580461311874,12.518760638969406,12.607374693496842,12.613815625508629,12.478758742210855,12.551959892038749,12.558038321635046
585,11.79810440720389,11.815787575060362,11.807186405426364,11.841302871704102,11.76916252524189,11.807633053321293,11.80204208876701
586,12.820987977820545,12.751469155202397,12.8620008939484,12.809910456339518,12.732748184662404,12.786527121210966,12.796283044765074
587,11.77528972943772,11.719013000273993,11.669327944570886,11.72003491719564,11.653403331460238,11.690285942910423,11.682855235903515
588,11.827736204810263,11.75303025554325,11.81162336479936,11.8247340520223,11.811732849212062,11.799677016721994,11.793961319157795
589,11.870599909242044,12.499124315419984,12.3613978210548,12.386832555135092,12.50647912253227,12.44162300598183,12.445971597896921
590,11.283512300642423,11.48554472204118,11.58252485173775,11.560353914896648,11.483696381940378,11.525880883099243,11.5158726693527
591,12.132964173709535,12.150895546423234,12.15677521191212,12.18216323852539,12.151031047805462,12.159900794076645,12.159832606479446
592,13.021326833226556,13.01984842292795,12.995860720482383,13.011540412902832,13.024023268252776,13.013332604045994,13.026644334588434
593,11.835008964139341,11.879495014862137,11.870140569770356,11.832898457845053,11.895372340096548,11.87019367474716,11.865583521997246
594,11.84939770159144,11.815238562216246,11.866253490011104,11.856561342875162,11.842642417706037,11.844448185934391,11.839434401015211
595,11.608235644774552,11.63885394400566,11.677846002509844,11.662341435750326,11.69246836148647,11.667861882443901,11.660079615898322
596,12.672946381766982,12.712495253862809,12.72794126081302,12.77132511138916,12.74007135980296,12.73769575791627,12.746686113986371
597,11.648365035864053,11.60187884027305,11.618346682594812,11.58805243174235,11.603956781628275,11.602916437011535,11.594115969909947
598,12.17664898415669,12.242922302835836,12.139948604703612,12.12452189127604,12.224027459063764,12.185104502332855,12.185431452987295
599,12.289954129510877,12.312219751538882,12.233268376466356,12.27636973063151,12.306772174419558,12.283627546646665,12.285499120143127
600,11.925035115797062,11.88700510595053,11.916557188878407,11.934502601623535,11.912233586324325,11.912125779910916,11.90817302957788
601,12.524526376648708,12.557817326651229,12.507905556455007,12.471099217732748,12.549640219165106,12.522927537444716,12.52855080410552
602,11.856515169360305,11.776403128531191,11.757308785790366,11.761887232462565,11.794432344168944,11.773190121726646,11.76705916838844
603,12.301382825334498,12.310359648620596,12.282869962592486,12.265279134114584,12.294166369328643,12.288699961585458,12.290651059299154
604,11.925035115797062,11.93463051192627,11.961709006396925,11.964719772338867,11.980122544328465,11.960309180914251,11.957111839453468
605,12.30591798049989,12.31082412460088,12.29457467231382,12.300778071085611,12.31144848903613,12.304753492138193,12.306956273609325
606,12.230765258120545,12.251755064791766,12.207098537344136,12.194885889689129,12.219206456090438,12.218891696106413,12.219748355029958
607,11.931635799828413,11.902138148421296,11.932895590007474,11.916325251261393,11.901039649350501,11.912477893442663,11.908530663468929
608,12.323855681186558,12.188909776181328,12.09481757757476,12.12787628173828,12.156725591112263,12.143584539946954,12.143260549669272
609,12.791356180214175,12.565707190147668,12.620458608359897,12.69347095489502,12.558049616734039,12.607506573058508,12.6144558514283
610,11.682668239557323,11.631679035526416,11.688472727968165,11.701387723286947,11.675536460084905,11.673490513278889,11.665796491182288
611,12.65395846952229,12.718660325484535,12.716845746891002,12.709386189778646,12.750037094357642,12.72429057634019,12.733070768891613
612,11.904967552746252,11.903091471614133,11.956785212385462,11.982454617818195,11.895609969394636,11.932932156778564,11.929305604292878
613,12.474189562487116,12.498241797496112,12.4705231224367,12.467890739440918,12.50038824717828,12.484962452467766,12.48999051079063
614,11.898187865760873,11.762431629972276,11.691274621301249,11.701883951822916,11.743661968109036,11.726132927330596,11.719264221542172
615,11.231887935237117,11.30855390700728,11.288511615644603,11.304702123006184,11.34338740893932,11.312159181091122,11.298800285023942
616,11.831379196088763,11.904458548746517,11.863697066193756,11.815264701843262,11.908860433857685,11.874434875857743,11.869891215735606
617,12.118333731222167,12.15864044742433,12.150048454762674,12.128592173258465,12.127307072391098,12.141038179004223,12.140674267433978
618,11.566466231898259,11.6127562102049,11.634098881903242,11.643056869506836,11.60674031504255,11.623509620089145,11.615032008429074
619,12.659734090733718,12.684382855755851,12.65547725786968,12.649242719014486,12.679521860214066,12.66780759469113,12.675702259351608
620,12.628067055589549,12.672381352573796,12.65230571396356,12.686696370442707,12.644034795411324,12.66366507829746,12.67149479748767
621,11.112447898373103,11.186225368752446,11.0193514643152,11.074488321940104,11.167814846741786,11.115229402465328,11.098783084196995
622,12.388394202324129,12.392189177683646,12.38774264629147,12.358217557271322,12.396878096578526,12.38413906621538,12.387586437436052
623,11.813030057420567,11.763419257265426,11.77020073197779,11.7571652730306,11.80229055113139,11.773775193335162,11.767653412622275
624,12.034691028774553,12.04166509988427,12.098152680824152,12.088768323262531,12.07468730823983,12.075044728729125,12.073646186211079
625,12.014609430818936,12.02340547626328,11.952207065648736,11.981159528096518,12.03847222953194,12.000501566224855,11.997934352231798
626,11.982929094215963,11.849979282408858,11.888204227417596,11.887965202331545,11.884232618133863,11.877204329418598,11.872704088186527
627,11.848683160653573,11.728280165434253,11.762324100431096,11.732670466105144,11.737656394912618,11.739780756872808,11.733126018785054
628,11.938193200374572,12.035265144655355,12.008904065504806,11.99653434753418,11.99896525146364,12.010088348854605,12.007671434352744
629,11.813030057420567,12.152457293883796,12.138779924601971,12.108640670776367,12.091419981236248,12.122458182438303,12.121802977726436
630,12.034691028774553,11.991772368556468,11.992090650622478,12.017936070760092,12.0364918462769,12.010042459716452,12.007624825774672
631,11.728036844587175,11.566832640525826,11.594066858758532,11.546056747436523,11.62879438098227,11.584551096632445,11.575462701722204
632,12.25247901834433,12.299318582003714,12.326993421124971,12.338955879211426,12.28716543598386,12.312194346619691,12.31451378418764
633,11.320553572322773,12.091538079813091,12.06444219330234,12.070183436075846,12.062029275061436,12.072208918999875,12.0707659172742
634,11.845102777308561,11.8072223301765,11.86560437206449,11.902724901835125,11.846213695452535,11.854382765782905,11.849524733044007
635,11.877568578558138,11.830197548202506,11.818394231525929,11.833096186319986,11.805571059718545,11.821624886226626,11.816253282582858
636,12.206072645530174,12.014630173090136,12.044586595406058,12.117519696553549,12.176010449752587,12.089348681574506,12.08817439331545
637,11.002099841204238,10.7814621839497,10.784537710794956,10.772162119547524,10.839015697355626,10.795158699906539,10.773694382837238
638,11.440354772135393,11.55205663606091,11.558519422156458,11.533407847086588,11.541367023044577,11.5462055673371,11.536515999565712
639,11.350406535472453,11.44516442608102,11.473155359664476,11.429683049519856,11.334085253616637,11.418532685360592,11.406841489937712
640,12.485827127509431,12.46323269102214,12.502269286723,12.50283177693685,12.493777637965222,12.490057403321458,12.495165339174726
641,12.520883385370206,12.567053221275817,12.558423080721605,12.51163419087728,12.594810874666466,12.558923114576771,12.565110712060248
642,12.328290278254423,12.389612595389291,12.40626448056022,12.39168612162272,12.394169632840837,12.39521220093226,12.3988331743486
643,12.751299696013497,12.82111662327293,12.726819285329896,12.790170033772789,12.812193683369438,12.789211170965668,12.79900917446756
644,11.931635799828413,11.87124597759496,11.91506190880918,11.87696361541748,11.918762037488007,11.8954491223442,11.891234919004047
645,12.823628446539173,12.769525618461287,12.786354891095035,12.781106313069662,12.791035815887453,12.781964700631358,12.791649095548777
646,11.872346634576987,11.829744444582015,11.82162260204597,11.867364565531412,11.807746201521168,11.831162612869015,11.82594053962735
647,11.495779306135258,11.519526312949164,11.512288974777002,11.514040311177572,11.494663625671654,11.5099206575699,11.499662222881767
648,11.951180395901384,11.879624577890835,11.86179593945468,11.84556770324707,11.877658233189065,11.866666093736882,11.862000636339783
649,11.951180395901384,11.907418106135628,12.010728657274017,12.024600982666016,12.007267589956747,11.986451819618473,11.983664336756505
650,11.344506813345266,11.260904510181255,11.190308961105112,11.262863159179688,11.28594596133629,11.251521151121297,11.23721158522008
651,12.235388699864227,12.225678689359682,12.203935706658603,12.233019828796388,12.229601901981688,12.223422296733423,12.224349985427367
652,11.589886506106357,11.59539245335877,11.605563558739467,11.632642110188804,11.597786985720182,11.607451375337135,11.598722006011439
653,12.160028707028767,12.158433702017115,12.159734213813907,12.186139742533364,12.1430606654864,12.16139820392391,12.161353492392339
654,11.813030057420567,11.83193271903542,11.780913376763772,11.778372128804524,11.880719997926626,11.819920918344037,11.814522600262729
655,12.765688433465597,12.73492032137475,12.841010330360186,12.848386446634928,12.783887743023882,12.800229098459615,12.810199838630348
656,11.385092093460344,11.428045008802622,11.432965198868173,11.360958735148111,11.469050188406703,11.423752781507645,11.412143425615836
657,11.887931365593685,11.901925113861417,11.909688546482892,11.908796946207682,11.867193080830205,11.896212411734808,11.892010175079568
658,11.911701584927597,11.98920578221272,12.055678682042435,12.059293111165363,12.038306078240796,12.034758085436323,12.032727937694423
659,11.487607656985938,11.751142544204116,11.772556424768648,11.80029328664144,11.716705624661932,11.758967394091789,11.752613459925762
660,12.025749091398891,12.06149145543649,11.954908466228328,11.986799558003744,12.02248440691202,12.008124246812706,12.005676539546583
661,12.195517131590657,12.22249356933662,12.22238522056229,12.21747589111328,12.219440844650146,12.220441066385183,12.221322015998688
662,12.904207367601158,12.856919775394912,12.83554819276256,12.867840766906738,12.855914882991982,12.854315074331673,12.865133762658566
663,11.608235644774552,11.75019347942318,11.831198562879502,11.712952931722006,11.786074890547548,11.769566471507325,11.763378707369787
664,11.831379196088763,11.829116441842368,11.842651365489786,11.854629516601562,11.840545618461112,11.841501760628272,11.836441782294527
665,12.955127458028414,12.850913552499264,12.870367994832153,12.859726587931316,12.875810712685137,12.864190140161885,12.875163647621235
666,12.348006141418841,12.384077348433378,12.373915167902924,12.43979295094808,12.347477774359731,12.385549253815231,12.389018733650122
667,11.76756768334381,11.945910200464738,12.149561629874354,12.076884587605797,12.004778912061672,12.040881184019135,12.038947032883925
668,12.173032791451973,12.23157870320599,12.2534148127029,12.222392717997232,12.212911173026407,12.22950505877723,12.230528111690386
669,12.031719258385396,12.011661241740931,12.012469977084338,12.04089895884196,12.06370075263566,12.03273068193,12.030668748997257
670,11.831379196088763,11.655248590774926,11.677671743983076,11.690186182657875,11.680728055627398,11.675719352571088,11.668060273731731
671,12.063932878369052,12.096425790434044,12.0368119010432,12.045437494913736,12.062863577624922,12.061229156577598,12.059614016526766
672,11.54829260880752,11.646803155695023,11.69041975019055,11.659016291300455,11.578641338150783,11.641911620499847,11.633722511396424
673,12.013700752882718,12.072013337001314,12.06680275270333,12.051771799723308,12.092188035478259,12.071220215710557,12.069761713309934
674,12.458774999085929,12.49806113801652,12.44718020309582,12.464221000671388,12.4739226501016,12.47156513459393,12.47638315268353
675,11.84939770159144,11.9027309125441,11.928792359205502,11.919730186462402,11.899877311728964,11.912192323957829,11.908240616887875
676,11.908340237224891,11.85495986831247,11.90408162673078,11.863170305887856,11.865863955956476,11.87131474154999,11.866722164641375
677,11.37366339763672,11.52269153220061,11.56668257821812,11.618779182434082,11.42963166043234,11.531671784455288,11.521754359199626
678,11.603679828238693,11.564168425029957,11.667262327908,11.55261262257894,11.56977023259627,11.586923831375394,11.57787263568395
679,12.827992316801751,12.704162520204738,12.758892101954414,12.786570231119793,12.717888701887821,12.740599589058561,12.749635470761199
680,11.763684183317412,11.730222893132272,11.76121091593807,11.749541282653809,11.783373982447836,11.756225835313682,11.749828919585921
681,11.870599909242044,11.739256369625016,11.728364550363912,11.732640584309896,11.7905533635517,11.748686207958205,11.742171087594008
682,11.979385322467598,11.613371794940662,11.637517585083875,11.610518137613932,11.59084121403803,11.61235321940089,11.60370070011938
683,12.061046873479915,12.013076286429332,12.065552590431226,12.07491938273112,12.06561960546614,12.054268134024246,12.052543860577115
684,12.560244459250788,12.539455892021875,12.516070535002562,12.524555524190268,12.505616042893868,12.521414718928165,12.52701426794958
685,12.30591798049989,12.314091191853471,12.282282816881684,12.27527141571045,12.32364870436328,12.299761360410514,12.301885876327118
686,12.24288661865289,12.276170406191904,12.248065616134664,12.258952140808104,12.244470210301508,12.257030294397449,12.2584848819629
687,12.336552511980964,12.34336816041477,12.326157750648738,12.316996892293297,12.350152688325409,12.334738012835954,12.337410885095483
688,11.910358401381128,11.99794410794253,11.956335936543946,11.957707722981771,11.928843986730962,11.960156315563141,11.95695657751266
689,12.8790171187726,12.448170140500094,12.341116148996562,12.35109837849935,12.420402965830826,12.39223183143563,12.395806079267775
690,12.17921519136029,12.171056331653237,12.124863450560047,12.11488151550293,12.169173322911268,12.146121624509599,12.14583741009141
691,11.856515169360305,11.89605693251488,11.914848764171978,11.898451805114746,11.91419071002809,11.905828920255503,11.901777449127506
692,13.534473028231162,13.456321276053574,13.273671037587444,13.237027486165363,13.499079154974664,13.371705529247233,13.39063575249951
693,12.721885810807203,12.596155695951124,12.61360851714444,12.631477355957031,12.596466142705268,12.608895258251618,12.615866308125575
694,11.594321103174222,11.540459754936435,11.529627300569622,11.55500030517578,11.459209736674794,11.519950828131286,11.509849644273823
695,11.86005499606543,11.77313357885406,11.769314801038016,11.754970868428549,11.815273968073464,11.778986056116796,11.772945970176288
696,12.078239274020289,12.052124811428394,12.055620661986277,12.023993492126465,12.062756053249027,12.048921873383321,12.047113782425647
697,11.396391648714276,11.4647157960508,11.464408456532404,11.46278476715088,11.471087364065504,11.4658617880189,11.454912607964786
698,11.72399643505017,11.763530862292852,11.745014293694084,11.726666132609049,11.8231198866712,11.766026562668532,11.759783300610795
699,11.83862560460953,11.81405068749905,11.832138299584855,11.78490416208903,11.803840717737176,11.808491533323096,11.802914027831406
700,12.185869938212655,12.188252877179597,12.179891564028177,12.151974042256674,12.179446350823696,12.17515491883945,12.175325882089728
701,12.652359748158593,12.64587215631517,12.669079657001134,12.669080098470053,12.638507862560324,12.654981061895063,12.662674634966475
702,11.84939770159144,11.887884466588067,11.879533444517085,11.914303143819174,11.865321516359677,11.886378358971175,11.882021946177407
703,12.799175708864519,12.77593899213644,12.749828091824936,12.783943176269531,12.790141872565039,12.775545040282704,12.785128789162625
704,11.84939770159144,11.809462721915304,11.885634803301562,11.846652030944824,11.82399786138213,11.840137092466074,11.835055719161947
705,12.269047444691562,12.250423263544,12.262994131099456,12.276518185933432,12.297629320573131,12.272196811245038,12.273889176160143
706,10.915088464214607,11.14092020341994,11.116002448722696,11.079533576965332,11.37566912920281,11.182337701191237,11.166943492222035
707,12.618182296357007,12.613726539168752,12.614383543842314,12.597102801005043,12.649722105954368,12.61937143415465,12.626506727233934
708,12.445089546000673,12.264789051176251,12.27115930300604,12.297327041625977,12.274606735786813,12.276780877855446,12.278545110768997
709,12.09815330331068,12.172211214173023,12.123936160905735,12.150504430135092,12.113943219844119,12.14023559580464,12.1398591015097
710,11.607326140391713,11.576157173416355,11.631684874002383,11.635564486185707,11.582535371638079,11.6052476213545,11.596483702053582
711,10.858998997563564,11.107558651179051,11.258413595620857,11.245418866475424,11.011898477016308,11.150958731756344,11.135072570134989
712,11.540307141711446,11.289078360267329,11.5166844242196,11.212067286173502,11.458042670373283,11.368265374624398,11.355786099246103
713,12.14950229404178,12.193194679068846,12.180896617767166,12.179776509602863,12.208954349203944,12.191234886910468,12.19165794839984
714,11.76756768334381,11.66260288810245,11.70203282938938,11.636649131774902,11.739472052873566,11.685858798304647,11.678358683488321
715,11.779128505744886,12.165053209232145,12.116513083215688,12.12954012552897,12.117866784658753,12.132595508729048,12.132099234812049
716,12.013700752882718,11.877374627652436,11.89969280672401,11.86852232615153,11.90571453047855,11.88794002274068,11.883608093371544
717,11.979799201207037,12.158322735882434,12.161193672839048,12.157215436299644,12.181405172332566,12.164835450996264,12.164844627876064
718,11.964001084330445,11.949604318996329,11.978911104002002,11.964064915974935,11.928427540083433,11.954355882713998,11.95106520673996
719,12.739637756265655,12.613962550290196,12.685563720647757,12.63315455118815,12.639549720025727,12.64212315529864,12.649615144909372
720,11.763684183317412,11.806947500776785,11.843470950113517,11.80089282989502,11.848527622679157,11.825015859123377,11.81969741841453
721,12.524526376648708,12.48229891136602,12.466808334456182,12.50833257039388,12.42285269001443,12.469266711467181,12.474048695379325
722,11.870599909242044,11.8262059947565,11.871670319371736,11.868879636128744,11.852323203125435,11.854106693592268,11.849244332653662
723,11.732060994886899,11.676408899885722,11.708958758188546,11.681052207946776,11.730638100012994,11.69949696204533,11.692210663391343
724,11.813030057420567,11.835414502292224,11.73715858169112,11.805590947469076,11.830393890218168,11.803890424821345,11.798240784152144
725,12.676076274775909,12.64653307440337,12.677619526075842,12.647567749023438,12.62637715928541,12.648708946765929,12.656304186981675
726,11.699405031912846,11.597820240677294,11.661436240566488,11.626429557800291,11.609219976004596,11.62264738717382,11.614156257613796
727,12.310432660854417,12.490642280041987,12.370179969994014,12.362583796183268,12.5182460006916,12.43870402276716,12.443006851498824
728,12.178187442040638,12.165672362044193,12.162251822010298,12.156854311625162,12.164010906135113,12.162291325342505,12.162260615974116
729,11.608235644774552,11.955225980705151,11.835552218183166,11.843374252319336,11.924235594985651,11.891896125028985,11.88762621857035
730,11.542484267211773,11.49993381997925,11.423909239113987,11.421947797139486,11.469550332237922,11.45518699030206,11.444070453093056
731,12.373703486914124,12.359979987476423,12.459623065200978,12.44332504272461,12.41298667089626,12.417534859747306,12.421505802949298
732,12.141534124392603,12.205566262804831,12.179681802960786,12.152276357014976,12.161866451727226,12.175004700053561,12.175173308206414
733,12.312682380588432,12.359250400833451,12.399362581787791,12.356723149617514,12.338101940872372,12.362406310920147,12.36551296073414
734,11.786001385032646,11.788009646926785,11.815581209311,11.789415041605633,11.808900916952588,11.800321990958015,11.79461640515949
735,11.589886506106357,11.627663632358384,11.68749393532645,11.669081370035808,11.670519846869512,11.663046395872104,11.6551886331763
736,12.0015054797889,11.99560207252591,12.04892195310105,12.087300936381022,12.019362110820135,12.036623534617648,12.034622632981938
737,11.44571671527678,11.336853353383567,11.331056774634272,11.344648361206056,11.308615235423426,11.329916999769818,11.31683650691832
738,12.387977448827787,12.345818820046134,12.362482790062444,12.359722137451172,12.322774260714098,12.346987517868072,12.349852435200994
739,12.095141084822892,11.880007487570465,11.88682745997311,11.938446680704752,12.03837090795681,11.937724691711757,11.934173275545504
740,12.154779351142624,12.168267461539832,12.203541464126152,12.191144625345864,12.159185731028444,12.17965968352427,12.17990127149467
741,11.790557201568507,11.676174452893504,11.68431582067602,11.65609868367513,11.664610175636312,11.670137214563402,11.662390620179494
742,11.863582336583399,11.841808070403294,11.827712909424791,11.854214350382486,11.821599429015933,11.83617949488626,11.831036075228775
743,12.095141084822892,12.088709843948129,12.058956623113156,12.073431650797524,12.075439417182766,12.07453536687784,12.073128838695567
744,12.072541252905651,11.961566420849747,12.005331278200076,11.966039975484213,11.94243707239751,11.967810803414068,11.964731070757866
745,12.100712129872347,12.256532184708911,12.247924398041183,12.302910486857096,12.268395634152741,12.268929530896063,12.270570672101085
746,12.610870864650634,12.64827536125768,12.711071988268346,12.731560071309408,12.680025233519663,12.691581537870519,12.699848925236996
747,12.371587084007746,12.325953704720474,12.369518895947891,12.334052403767904,12.330734644114363,12.339362461266546,12.34210783462191
748,12.491172637278908,12.19526053270184,12.333431725457457,12.386282285054524,12.272716043467264,12.29444591212064,12.296487093596035
749,12.46997418931655,12.394880293857376,12.38951178892666,12.364868799845375,12.425511689150532,12.394445255277347,12.398054204686659
750,11.49272275765271,11.3686308968401,11.377607614994425,11.310927391052246,11.35179460365138,11.35225184046291,11.339521508381896
751,11.477298287327077,11.349410707754004,11.3526583395049,11.37325350443522,11.303567322426646,11.343824346726002,11.330961890232699
752,11.99535161421452,11.964714698223398,11.987106898600652,11.978991190592447,11.934156413300117,11.96532271152421,11.962203971104975
753,12.287652632522597,12.23368696456994,12.23501833530529,12.23483180999756,12.237523107993903,12.235291689419377,12.236405463868094
754,12.526342907575106,12.500358534970864,12.493778317726202,12.502785682678224,12.506749815992727,12.501103350236459,12.506384462040952
755,11.957611286231675,11.96942235668682,11.916837243079328,11.889854113260904,11.943329420586094,11.930901840519578,11.927243457177548
756,12.058152515453552,11.9614227828248,11.998108512355884,12.008006731669107,12.034216861021088,12.000580882906583,11.998014912423196
757,12.26434155365415,12.286457116777637,12.2792021024838,12.294459025065104,12.268226769008388,12.281879971542597,12.283724146936994
758,11.976030352524807,11.904615069572472,11.919702690243277,11.914211908976236,11.899912027726144,11.909225358881024,11.905227136378452
759,12.097373228606832,12.010002531198886,12.043366080249037,12.043861071268717,12.048779271965941,12.036286998585009,12.034280820810636
760,12.577636201962656,12.564843567944868,12.599906453643577,12.642008145650228,12.565064637687422,12.59183781594907,12.598541442955712
761,11.755871643580617,11.71536550213857,11.73691200460004,11.75049877166748,11.79088493262571,11.748927293959424,11.742415953289074
762,11.512925464970229,11.599441804620406,11.615553097075106,11.648639678955078,11.563610638991108,11.605670448115905,11.59691315780091
763,12.279323107269766,12.225573200245083,12.233290815572843,12.240565299987791,12.245505461258288,12.23629506383058,12.237424568964897
764,12.727838209334498,12.627509669029804,12.679407726708716,12.688654581705729,12.675503179985816,12.66719226422348,12.675077281866834
765,12.506177237980511,12.459284230665398,12.461871970285069,12.446056048075356,12.432189536447657,12.449501628882931,12.45397374013283
766,12.484204257170104,12.491014043942648,12.51922016378038,12.541336377461752,12.510202053789266,12.514907362105646,12.520404890203334
767,12.188417710291453,12.122845735758029,12.120377362343032,12.12405014038086,12.158638711121862,12.13203810435477,12.131533091573328
768,11.982929094215963,12.017258140536242,12.06157936348933,12.056310017903646,11.981533330567835,12.027639101089589,12.02549734346078
769,12.28690119819279,12.354270142146104,12.34400094547282,12.294986406962076,12.30983908328278,12.32570611537031,12.328237387507457
770,13.195613839143922,13.099372329339458,13.222897586606416,13.169866879781088,13.205046364676036,13.173327366414075,13.189147460012881
771,11.812289042195847,11.736943802396144,11.785899227704649,11.789984703063965,11.815567497273127,11.782079773735138,11.776088190426002
772,11.532728092266408,11.701662136139754,11.692816250190184,11.705885569254557,11.729597358947787,11.708017974732776,11.700865266660829
773,11.580584113444043,11.804481735867142,11.8317211945279,11.84160073598226,11.82975809016061,11.82655361091959,11.821259278748661
774,11.648330101976432,11.618947135224056,11.709252589862633,11.713167826334637,11.630588419582713,11.666011476565558,11.658200199759419
775,12.886641043883259,12.578279602595892,12.585628740537636,12.54531447092692,12.565624258877996,12.568637164445363,12.574977056688102
776,11.99535161421452,11.969705583841346,11.985550588570256,11.980344772338867,11.994520964800387,11.98256110319368,11.979712622526543
777,12.308177868467327,12.378729871881868,12.315114329923595,12.309003194173178,12.370185659372874,12.344669938603529,12.347498521433238
778,11.867097278690842,11.77989409179564,11.86264080160374,11.833256721496582,11.815295445957432,11.821557587563992,11.816184928826441
779,11.877568578558138,11.842193143610151,11.816052922882404,11.817215283711752,11.776957853280358,11.812748277268819,11.80723750808209
780,11.813030057420567,11.861486615776904,11.875000488874637,11.879325230916342,11.864567461722466,11.869792363170635,11.865175918745184
781,12.078239274020289,12.010857485025902,12.029565956405698,12.046899477640787,12.000326834291728,12.021195106794213,12.018952321625584
782,12.077670930725649,12.058427405366317,12.088067734266032,12.06466007232666,12.050929890020994,12.06487964309301,12.06332173457512
783,12.139398512262181,12.168565003490455,12.159141544666657,12.1166140238444,12.182328009125316,12.157386986391973,12.157279387865106
784,12.016726473799254,11.990370692118644,11.993891068304778,11.952378908793133,11.98384146577694,11.980234724347493,11.977349771219219
785,11.759785542901755,11.703130423882392,11.821215105021416,11.81548023223877,11.763245961575535,11.773921103307455,11.767801610139351
786,11.992260421644849,11.97808087890239,12.014313332046862,11.990897496541342,12.016519818973222,11.999834153381574,11.997256475835245
787,11.842229212112828,11.76913344191123,11.737495851785852,11.794133504231771,11.733242840888195,11.758315118385,11.75195095798243
788,12.358793732547838,12.33781396912383,12.338909515653006,12.370494842529297,12.358960890426417,12.351607948992903,12.354545304439213
789,11.588960151246226,11.56805680229511,11.612539847042065,11.608717600504557,11.591518389984445,11.594536226170725,11.585604375947797
790,12.141534124392603,12.338349032168528,12.30742154411198,12.276841481526692,12.267936017271692,12.297540792723188,12.299630495062969
791,11.984178313616395,11.986628445719507,12.01321739847281,12.016265869140623,12.000059918743801,12.003594862102037,12.001076144128387
792,11.896826395162552,11.930257708408766,11.937200406058198,11.895166079203287,11.910829603687793,11.918210622761203,11.91435326926981
793,12.50539915757667,12.465189162573056,12.39319338518485,12.39209270477295,12.446984342715206,12.425795537415532,12.429895989723802
794,12.323855681186558,12.328337299409007,12.327998563921,12.35204537709554,12.338699430010024,12.336761145328843,12.339465735819196
795,12.178187442040638,12.212440309901048,12.203264251145924,12.201614061991371,12.151843913954673,12.191623866028749,12.192053025848063
796,12.049418835484797,12.003727793456004,11.999470685737291,12.014963150024414,12.02005565349427,12.009785794949934,12.007364137073816
797,11.874090314181814,11.867385552085835,11.847170655293334,11.83071200052897,11.89116334506918,11.860049872236187,11.855280687158634
798,11.608235644774552,11.433764623971449,11.600596464805742,11.558311780293783,11.491395156281934,11.518246439094474,11.508118534196708
799,13.091904169919621,13.00860442708936,13.161372244279228,13.091194788614908,13.046471565958036,13.074376051186558,13.088644807605185
800,12.072541252905651,11.966507078796406,11.944689240750977,11.956107139587402,11.958278462177802,11.956706010251219,11.953452179065128
801,12.206072645530174,12.154879848745146,12.190098996706764,12.190133730570476,12.223969893065851,12.189962258278811,12.190365367773524
802,11.607326140391713,11.74247938871638,11.730125504355144,11.734532992045084,11.697041316449296,11.72563353910584,11.718757004017535
803,12.14950229404178,12.196969283404464,12.099618422318857,12.104962666829428,12.135166993221844,12.135516928549148,12.135066456016148
804,13.275827535915461,13.026639868529593,13.116570022294328,13.11440626780192,13.060090797465861,13.077822746507959,13.09214553946555
805,11.678439903447801,11.58456098706425,11.644804447190454,11.616812388102211,11.60864313002809,11.612842915269797,11.60419807333352
806,12.33569641332368,12.281985559380152,12.259832694767832,12.256057103474935,12.312851635354226,12.27868425048047,12.280478324055707
807,11.816726919301892,11.743295238061885,11.79357464207568,11.775444666544596,11.730248150402955,11.759394998947855,11.753047768677678
808,12.31716669303576,12.242273139968871,12.330071690627548,12.399086316426596,12.289735076627172,12.313441576648621,12.315780568017464
809,11.982616545377663,11.830049648073087,11.901467708919796,11.8568541208903,11.892374642044734,11.869743295271924,11.865126081570638
810,11.571194373094205,11.802910767163208,11.700074276717393,11.75640837351481,11.76498841436301,11.757554061122143,11.751177969029476
811,12.106252310247962,12.180235024101693,12.05826549150891,12.145155270894367,12.160259516080183,12.13793587871044,12.137523329951506
812,11.881034786534624,11.912602973369006,11.9159138745526,11.954573313395182,11.955277518888606,11.934870655052334,11.931274493920608
813,10.932981961904135,11.304248674568838,11.554794079698569,11.246641159057615,11.448403331377172,11.386939018697678,11.374752504646242
814,11.969717200243734,11.981979722538094,11.919104129536755,11.936062494913736,12.001162565135509,11.961217633603408,11.958034534666131
815,11.661345470088502,11.683708462394009,11.6616731524472,11.67805830637614,11.75804427003087,11.696869707834516,11.689542219660918
816,12.323411137947407,12.232580749017613,12.222493552445714,12.242460250854492,12.24339201243025,12.235487092907155,12.236603930849217
817,11.827736204810263,11.829510092380204,11.843128561179846,11.853803952534994,11.85045519761531,11.844138107850178,11.839119461594292
818,12.509874099861838,12.48863731200293,12.54777282421093,12.535156885782875,12.482888487415666,12.512228864618637,12.517684399815785
819,11.951180395901384,11.927898833463177,11.924993249884064,11.945868810017904,11.992859042186062,11.948784175237574,11.945406147246583
820,12.319401330837177,12.302561600521727,12.314439592272995,12.332621574401855,12.316955732661505,12.316449499249861,12.318835648174476
821,12.117241431823558,12.134841186266542,12.16955145862174,12.120300928751629,12.115630180537167,12.134329924293363,12.13386084216603
822,11.440354772135393,11.358683284365403,11.456794430090222,11.41524346669515,11.41624734485113,11.410579904231946,11.398764026837712
823,12.323855681186558,12.233423205236194,12.204088977114443,12.096511840820312,12.223862774293444,12.19077970273068,12.191195627941566
824,11.845819880243557,11.874464293084223,11.896788754376749,11.88531812032064,11.908852451639293,11.891419787688292,11.88714241331652
825,12.3570755190667,12.373381020736064,12.346328181283743,12.349871635437012,12.348338365960595,12.354720877763135,12.357707037029076
826,12.86099861326992,12.958327834383288,13.032036077678605,12.993279774983725,13.008389272082567,12.997288897240868,13.010349098040448
827,11.603679828238693,11.53539270141731,11.529035705191816,11.541388829549154,11.46427154262985,11.516535006085373,11.50638026971344
828,12.14950229404178,12.182857299125942,12.178229811756225,12.16992155710856,12.15089072192454,12.170170634203402,12.170263454924147
829,12.128111104060462,12.196083962742293,12.167728682488454,12.142370223999023,12.25290560481944,12.191455724751156,12.19188224848812
830,11.900905258737373,11.920686077059408,11.917752914894352,11.932828267415363,11.893547345377,11.91576568650932,11.911870001839592
831,12.01974306733868,12.066797598780314,12.036125824179804,12.023183504740397,12.050314149508901,12.04467409500581,12.0427994083034
832,11.925035115797062,11.927042144986656,11.899231546707563,11.90981101989746,11.928007324962573,11.916615893425531,11.91273353811476
833,12.375815420117268,12.373226807715112,12.33165635342039,12.315306663513184,12.360941856748084,12.346193806904557,12.34904628060977
834,12.025749091398891,12.026068872977753,11.982194703209776,11.982166290283203,11.984902016598616,11.994256586115984,11.991591464684204
835,11.8490404949436,11.809090242789493,11.835372144214316,11.814737637837728,11.795365776114314,11.812967262407867,11.80745992642248
836,11.759785542901755,11.746471304566308,11.79795741692383,11.798383076985678,11.810765903485416,11.788130384748662,11.782233661601884
837,11.941455846009388,11.88558715792236,11.85029233140286,11.862140655517578,11.963262138297504,11.892212056520979,11.887947103167502
838,11.512925464970229,11.497174311489246,11.468595424443976,11.526581446329752,11.490594632588524,11.495901214131777,11.485422985661208
839,11.877568578558138,11.9165834454756,11.911050034828136,11.906086285909018,11.90585922031584,11.909901589906061,11.905913969206297
840,11.779128505744886,11.779912340306891,11.731013517880568,11.766106923421225,11.752197765184098,11.75779968007744,11.751427438745287
841,11.84939770159144,11.858443601644,11.818025887175263,11.814169883728027,11.835154550029278,11.832081686436537,11.826874022230198
842,11.967180737247824,11.957003490614987,11.896814950116427,11.8946107228597,12.003167645279424,11.94000990268362,11.936494313557533
843,12.071969661006694,12.011893433536608,11.976148662924889,11.989944458007812,12.000644244280403,11.995234064476396,11.99258426773757
844,11.856515169360305,11.7478284265331,11.67538416303257,11.58427079518636,11.827468296328787,11.712258453737832,11.705172226972648
845,11.94405831982697,11.850947793529237,11.848591702386749,11.847069104512531,11.86930427048778,11.854315146878298,11.849456054024932
846,12.049418835484797,12.131983037128409,12.14155661035924,12.085376421610514,12.146682990658912,12.126788555780223,12.126201241718965
847,12.269047444691562,12.242255317336303,12.21647069910719,12.17452589670817,12.221035214551762,12.214160770616353,12.214943259119904
848,11.801856756822442,11.760198334213818,11.79481600157016,11.79595184326172,11.753756072078538,11.775264197155066,11.769165760719938
849,12.388394202324129,12.289854635952876,12.28464120378115,12.31995137532552,12.400620306185848,12.325274118319394,12.327798617700816
850,12.138863895836725,12.07780272325474,12.084485322029517,12.072287877400717,12.082009718144839,12.07913763678475,12.077803261988246
851,11.786762130599957,11.80369641914063,11.851188829919904,11.859114329020182,11.829331708821814,11.835039274849915,11.829877979070906
852,12.2783933071098,12.17544816984146,12.179555405991657,12.194265047709148,12.1702228277276,12.179595373814273,12.179835953551038
853,12.007621706806335,12.071026816468851,12.0436970962854,12.05364990234375,12.099027371396005,12.067835174078628,12.066323601732163
854,11.970350312009105,12.076481261784828,12.041438618233576,12.046209335327148,12.096066577602187,12.06612748149335,12.064589136314268
855,12.043553716032399,12.044710011449602,12.0318868736638,12.085827509562174,12.081289187141868,12.061388310765567,12.05977566589945
856,11.751942365440728,11.89202884261192,11.864762331120977,11.899633089701334,11.897507998734545,11.888958179652352,11.884642212725641
857,11.898187865760873,11.945483457916078,11.902149666074216,11.924958864847818,11.95606800817027,11.93317811339439,11.929555416962987
858,12.066810578196666,11.928766077562411,11.947530773355984,11.949934005737305,11.936559828140767,11.94035482805021,11.936844646588936
859,11.931635799828413,11.93479992557216,11.950931218390346,11.89282735188802,11.95695172511473,11.934235809309197,11.930629695204104
860,12.429216196844383,12.369715332833264,12.354015911023575,12.35024356842041,12.36018918847134,12.358795940835929,12.361845988053656
861,12.154516158615772,12.035771134432997,12.047681167921462,12.056548754374186,12.042551848562923,12.045395817128224,12.043532445428143
862,11.786762130599957,11.789569051688234,11.79095704589225,11.79692522684733,11.714231133192731,11.771734356432315,11.76558057992272
863,11.931635799828413,11.897010199485877,11.89375782535926,11.880452156066896,11.903176043903878,11.893860419848153,11.8896213091761
864,11.794337924408413,11.836562095044847,11.889355525501776,11.858280817667644,11.871249381710093,11.863352897681166,11.858635496717529
865,12.431533509799543,12.260946912844844,12.200107166685704,12.225334485371908,12.244681588739619,12.233778724060063,12.234868778567222
866,11.908340237224891,11.803414692525015,11.80795852179977,11.787165006001793,11.860933612380455,11.815756684872426,11.81029308084523
867,12.424806488355683,12.437065278162107,12.47827487608254,12.472697257995604,12.42156463059498,12.451243055337475,12.455742468292248
868,11.76756768334381,11.71499558611267,11.821821770889027,11.826412518819174,11.734410139918998,11.772154265435084,11.766007072167428
869,12.037653993905211,12.029741258891258,11.99458973375348,11.969170888264976,12.026628179635333,12.005991974745005,12.003510838181562
870,12.371587084007746,12.349871696709643,12.338960863740748,12.33176326751709,12.360897221102492,12.345843103302315,12.348690078752794
871,11.603679828238693,11.47201199838986,11.512030734204696,11.493192354838053,11.499384251635073,11.493751547903086,11.483239617433327
872,12.20856952572876,12.117266883708622,12.1279397588548,12.13758945465088,12.159163288197368,12.135789054599094,12.135342848399068
873,11.661345470088502,11.612208678259943,11.733185196842022,11.693905194600424,11.614887888723826,11.661021539704773,11.653132031754753
874,11.79810440720389,11.790958108492417,11.780901075224364,11.751676241556805,11.750088455707969,11.7682457128215,11.76203724211679
875,11.104957226643945,11.461777141201432,11.444359933837804,11.393181482950846,11.476657168174617,11.444984162055622,11.433707667126347
876,12.623061104072981,12.68387140739346,12.659695773976026,12.683223406473797,12.691047100802892,12.679967073248994,12.688052371567398
877,11.792449349720545,11.853126523218435,11.82795626063376,11.835115432739258,11.891102091953478,11.852926119650144,11.848045249930262
878,12.765688433465597,12.770377899165126,12.69702184035252,12.724141756693522,12.753124824070284,12.737443878936304,12.746430286102587
879,11.904967552746252,11.887269423329784,11.916324808711366,11.900522549947103,11.9619459742772,11.917046426069104,11.913170820555399
880,11.824079893607152,11.815722724974757,11.837486624225704,11.788779258728027,11.796913737467717,11.809280824744162,11.803715693591556
881,11.964001084330445,11.950895761683704,11.983202497905395,11.954203605651855,11.96198312277626,11.962180655584028,11.959012654695732
882,12.141534124392603,12.282241454479612,12.249233274996945,12.251121203104654,12.246636755007863,12.257545029484621,12.259007686954721
883,12.089538829274222,12.03812361350832,12.046002899614386,12.054774602254232,12.067931780357883,12.05190092287571,12.050139536807492
884,11.682668239557323,11.723638814397766,11.68318538567518,11.67204475402832,11.660654628106888,11.684980757177941,11.677466876623965
885,11.512925464970229,11.568048487582454,11.686140307287326,11.657570521036783,11.613223803602333,11.629339662337157,11.620953452810353
886,12.703509032177148,12.453920533317287,12.462752126875827,12.466111501057943,12.453409588961188,12.45880968326154,12.463427724161786
887,11.884489021402711,11.996318289931873,12.019957122326934,11.956737200419107,11.944028779290166,11.978380096080004,11.975466066493471
888,11.816726919301892,11.887804022509949,11.864325417528994,11.858248392740885,11.917815890783253,11.883085733615415,11.878677699758065
889,12.498742259492994,12.604716557218993,12.599517371315253,12.672298113505043,12.581429401620772,12.613754849107604,12.620802086589153
890,11.915051671812877,11.977315511308367,11.935462081908229,11.99109141031901,11.98466119061205,11.972831270489547,11.969830247623287
891,11.719126295554126,11.637955904297453,11.709918667153415,11.616256713867188,11.622253437128961,11.645335435421776,11.637200004143395
892,12.058152515453552,12.023096401820789,12.017718314020678,12.0250883102417,12.062330418283146,12.032711489421292,12.030649255592577
893,11.947949375319936,11.924306427680625,11.852534975058653,11.87883472442627,11.928951589667612,11.897725867040485,11.893547358008075
894,12.013700752882718,11.888616589082403,11.925100455772965,11.916380246480308,11.922378128989278,11.912821408400209,11.908879563979202
895,11.685684782260491,11.677681085489205,11.724683928436852,11.676734606424969,11.67450270878315,11.687588114955222,11.680115111988902
896,11.84939770159144,11.989704550636668,12.015958668043714,12.03238582611084,11.969332491176692,12.000811985061445,11.998249637747335
897,11.575900264131617,11.433173796480787,11.367278510166804,11.34405517578125,11.488293830301744,11.410725701830636,11.398912110219415
898,11.870271183889114,11.8039254876116,11.795706952516976,11.798229217529297,11.840678740199708,11.81035260313837,11.80480427509412
899,13.323926946863102,13.04245666677331,13.124225960323486,13.136621157328287,13.103397908788624,13.10056589697747,13.115245252097338
900,11.813030057420567,11.792830594663082,11.81710574487074,11.841199239095053,11.81954193285118,11.817322961338148,11.81188391305243
901,11.608235644774552,11.613967818203571,11.653371274515306,11.661486307779947,11.671050646999293,11.649828124424552,11.641763128546376
902,11.938193200374572,11.924670300776498,11.882173022702814,11.902454058329264,11.922097921091042,11.908666035307226,11.904659043851419
903,12.100712129872347,12.106507228120252,12.105932059759397,12.094773610432943,12.079977029743835,12.096498402614404,12.095436206125443
904,12.388394202324129,12.413742314792634,12.397475162147666,12.38238843282064,12.417769563562475,12.403392026387088,12.407141241326304
905,11.740061037553975,11.629725790720656,11.71971942970938,11.703028996785482,11.721374755882382,11.692817990111212,11.685426979989137
906,11.759785542901755,11.689500791784225,11.784788139748608,11.75434684753418,11.708373503672329,11.732507130778853,11.725738358364538
907,12.449018824140563,12.489272447540644,12.494345514565046,12.497684478759766,12.518040932967892,12.500117506754533,12.505383162719518
908,12.429216196844383,12.332610587423778,12.400915732272251,12.384501457214355,12.270990842723004,12.344856756392385,12.347688268110721
909,11.782952602183288,11.727841351990891,11.782796955389108,11.787562370300291,11.770770296647404,11.766551320854996,11.760316285841874
910,12.066810578196666,12.086459723329185,12.079261327208425,12.081814448038736,12.07072092711232,12.079482988060342,12.078154027605958
911,11.946654038351252,11.968189991927124,11.920411975251636,11.89202117919922,11.936887723761311,11.930238925899301,11.926570149526158
912,11.874090314181814,11.979655850783256,11.92481040210222,11.950153350830078,11.960068734629013,11.954492617451438,11.95120408517485
913,11.385092093460344,11.539119599345163,11.510473272578286,11.53262710571289,11.591192218674825,11.544637820480322,11.534923673914983
914,11.884489021402711,12.025573897578184,11.904513209906062,11.960166931152344,11.941455573707975,11.959137417430371,11.955921705316761
915,12.065274916913605,12.007064230430467,12.062735271434242,12.03037452697754,12.034322819670232,12.0329470344769,12.030888493472292
916,11.225243392518447,11.399578040315529,11.376646208101567,11.381737073262531,11.369381400830052,11.381892970621163,11.369627345726418
917,10.47194980911048,10.732332481498153,11.071170041727276,10.661104202270508,10.946607527651414,10.850900850026218,10.83031044625241
918,11.813030057420567,11.783534054058372,11.776341577215788,11.772953351338703,11.841356872808946,11.794592459182875,11.788797047032396
919,12.380025952653611,12.46125380303966,12.474558054878054,12.492814381917318,12.451520907710972,12.469451671732113,12.474236555411027
920,12.081076155355488,12.186456761505603,12.070649771169606,12.046347300211588,12.108203077530646,12.104652115964846,12.103717751618875
921,12.211060187041213,12.1519079283264,12.156462218733436,12.161585172017416,12.179633192499042,12.162662986688993,12.162638104146291
922,11.890676734510876,11.962093291172488,12.026925881621656,12.038805643717447,12.137451814515321,12.042299224288536,12.040387304879989
923,12.043494890772815,12.136858294090368,12.08156114188518,12.111820220947266,12.099623222528942,12.10800177159237,12.107119922418166
924,12.170445467887022,12.169276143570125,12.147214189467071,12.160588264465332,12.186572645658236,12.166591841035615,12.166628554216116
925,12.24288661865289,12.234643014948391,12.186355828402457,12.176911036173502,12.229541663654457,12.207988782404495,12.208674507820394
926,12.072541252905651,11.954545794950128,11.938369420422566,11.916150093078612,11.975548940434939,11.947000421984555,11.943594428698354
927,12.560244459250788,12.600297981266474,12.594579272039356,12.567889849344889,12.61472183050626,12.594907911689507,12.601659670988862
928,12.078239274020289,12.103420976337844,12.120077639740671,12.08180300394694,12.078024117238849,12.095335774213101,12.09425535028915
929,12.373703486914124,12.426117879993097,12.421899187210002,12.469319025675455,12.421673523505078,12.434450992124283,12.438687142767337
930,12.310432660854417,12.282430694056693,12.323045467467692,12.309133529663086,12.261073191571,12.292749701685036,12.294764290342457
931,12.211060187041213,12.277312363396982,12.280986576459377,12.298873583475748,12.278625037311178,12.283756088901288,12.285629677655237
932,11.67419361256635,11.71638071059692,11.74146137979804,11.760171890258787,11.760408354975665,11.744533740786999,11.73795351894641
933,12.676076274775909,12.617167286457702,12.63877715094094,12.55233891805013,12.609909465704858,12.6045439978535,12.61144682961413
934,12.154779351142624,12.198888006360688,12.198514302083812,12.204413096110024,12.155330933214037,12.188611081566645,12.18899300760699
935,12.396693005138824,12.433956532010612,12.349689862345397,12.43060302734375,12.420134877283523,12.409800354918321,12.41365003823727
936,11.288531131754366,11.435982960677952,11.395604773917322,11.35059928894043,11.499917137636901,11.422735822223217,11.41111052266512
937,12.127570417375216,12.129751597918036,12.125485282520836,12.11668841044108,12.152218839813434,12.131529870530937,12.131016889770239
938,12.441144767709657,12.322248080250814,12.367294054595478,12.332730611165363,12.353802203177494,12.343670114590363,12.346483022396837
939,12.38755635142507,12.423661165431286,12.400825500801169,12.413421630859377,12.428115089474064,12.41701907736093,12.420981934238945
940,12.406561506279576,12.326222326640952,12.32984039139094,12.336661338806152,12.386471564423928,12.345554605390962,12.348397057833987
941,11.924372644755941,12.100386259942022,12.020890622604036,12.001404762268066,12.043533817668566,12.042720384806044,12.040815068260411
942,12.273731294003989,12.279492422515466,12.286885467401982,12.32997703552246,12.288660649734895,12.29591108451897,12.297975236648284
943,11.918390573078392,11.706482319193457,11.85857245814825,11.82167879740397,11.662018980989288,11.758219594969749,11.75185393697187
944,11.870599909242044,11.901112534890816,11.824611721121205,11.844003041585289,11.7664837897047,11.833726851842084,11.82854498018085
945,11.831379196088763,11.97361086777567,11.97698018676281,12.004926681518556,11.959349071468893,11.978229730719235,11.975313343737307
946,11.73526869611367,11.904648752544375,11.83552633338936,11.922242482503256,11.871816478251995,11.88408553570127,11.879693176523382
947,11.870599909242044,11.843120292359984,11.91423080201378,11.881146748860678,11.847807396321615,11.870208504563557,11.865598584312277
948,12.506177237980511,12.471134203301052,12.566950643836964,12.53637981414795,12.4619050301821,12.506921118708346,12.512293440220516
949,12.167851432709975,12.25440288191365,12.23092449538808,12.250107447306316,12.23456398595062,12.242623104360835,12.243851819137083
950,12.193493863323313,12.08634898949836,12.06090704219122,12.078564643859863,12.07216714749078,12.074760724160157,12.0733577290803
951,11.76756768334381,11.824715138463816,11.848705745766395,11.81938648223877,11.81173061896209,11.825586401986405,11.820276906124365
952,11.694413341015606,11.645868967018323,11.667559157309304,11.677789688110352,11.659187281084323,11.662215916769217,11.654345134002817
953,11.804848531679264,11.734722096671865,11.764230583419996,11.764774004618326,11.7807300133935,11.761095846600949,11.754775281850034
954,12.05524975579559,11.95939137639094,12.01801928294004,11.953402201334637,11.944650892320574,11.967727509080433,11.9646464705538
955,11.755871643580617,11.680097874977946,11.78873390262054,11.755929946899414,11.89890324686759,11.781823822502318,11.77582822644547
956,11.884489021402711,12.030741600384133,12.00583400530419,12.062401135762531,11.969935331581537,12.016516521283576,12.014200386269756
957,11.728036844587175,11.68677328118888,11.73239945451053,11.72683588663737,11.709426535533828,11.713160373694624,11.706088287034191
958,11.790557201568507,11.721208391863197,11.742908840722327,11.736577033996582,11.752168899827145,11.738207466558423,11.731528062767598
959,12.128111104060462,12.188010210811608,12.167024273637388,12.161407152811686,12.172954024429385,12.172659499636401,12.172791340247624
960,11.951180395901384,12.065854938236782,12.059756613503458,12.037639300028482,12.028458330740103,12.047675068042999,12.045847429942608
961,11.665646551987892,11.736553848553996,11.715026106291234,11.728082974751793,11.719514659265611,11.724956548595115,11.718069399796953
962,12.513557345278134,12.434360741956295,12.492084907668044,12.485308329264322,12.473693069439792,12.470633761311674,12.475437177533697
963,11.951180395901384,11.93865542174955,11.979531169729391,11.939743359883629,12.0014947033735,11.965103980993554,11.961981811364671
964,12.384218830913648,12.574013193114794,12.499788219083255,12.540514628092447,12.543393612486772,12.540431813474134,12.546329508364154
965,12.277928082630602,12.305450010691665,12.297952483275106,12.283581415812174,12.306713388136648,12.29872061988223,12.300828819295383
966,12.09458226949681,12.061379713474414,12.03962356419585,12.029261589050291,12.054099292674664,12.046567954127692,12.044722958936335
967,11.982929094215963,11.911956182097589,11.896676040098027,11.856547037760416,11.864083244134568,11.882251779127646,11.877830670713374
968,11.813030057420567,11.785653380882843,11.844834374582389,11.847833633422852,11.808025609642877,11.820505250427308,11.815116093377203
969,10.542706391070517,11.202474180290691,11.100575208049142,11.119344075520834,11.23652703193318,11.167493927887637,11.151867001471809
970,11.84939770159144,11.777521087943285,11.737193851486843,11.793340682983398,11.750077479871566,11.764679225196673,11.758414839875343
971,11.813030057420567,11.36139591097637,11.266479919663544,11.275993665059408,11.520399285152259,11.36057576520163,11.347975933800699
972,12.061046873479915,12.064629336937712,12.069889954926694,12.051229159037272,12.04897561824108,12.058458292591876,12.056799711538643
973,11.507912923146684,11.697925314143712,11.748403509636068,11.742029507954916,11.72021778597316,11.726332023513464,11.719466439111654
974,12.111761966058932,12.2560341654524,12.23803596421724,12.226592381795248,12.259811115584995,12.245677807027079,12.246954412766774
975,12.028738630247258,12.03332560548963,12.085741747121148,12.13622252146403,11.977154757389885,12.055694420184196,12.053992507741002
976,12.013700752882718,12.08487338574802,12.028701787847233,12.057934125264486,12.041075494681673,12.05361322254871,12.051878681542028
977,11.356271654924852,11.414206020950024,11.31609645410088,11.29873752593994,11.377800665973956,11.35360063664767,11.340891450699631
978,12.205572520488492,12.189126293366757,12.185628986820772,12.19273598988851,12.210456856063253,12.194833693862105,12.195313176663467
979,11.608235644774552,11.540152992929048,11.602855202803603,11.601469993591309,11.577187497285179,11.579499484930988,11.570331891952138
980,11.842229212112828,11.80759319273683,11.819022611676724,11.813945770263672,11.861885702279343,11.826180160923233,11.820879973884555
981,12.091783499128047,12.22220785706921,12.049082889949508,12.118985493977863,12.168559372491409,12.142490986063093,12.142149851285666
982,12.724866438945341,12.646886540484685,12.666959780170105,12.671164830525717,12.670654583283808,12.66376579603406,12.67159709425502
983,11.982272628789678,12.026908179218296,12.058554174640932,12.05305544535319,12.053912110930533,12.047801237241615,12.045975577194454
984,12.45254202214788,12.421810399828423,12.439450686057972,12.430198987325031,12.395657256495015,12.421044398914994,12.425070363908091
985,11.744037185933616,11.753633724280329,11.721492698481145,11.761115709940592,11.67602129768452,11.727396039005006,11.720547136006456
986,11.736069016284437,11.739193013075882,11.759773014043535,11.783607800801596,11.711697045620909,11.747510198840969,11.74097664126183
987,11.669929213779893,11.749113179871308,11.751855630215577,11.747000376383465,11.663671644462466,11.726619518185831,11.719758441062913
988,12.88712700173598,12.844757273333784,12.95719344211702,12.946959177652994,12.858298677581042,12.8994326739454,12.91095870617773
989,12.180754837545884,12.145206021790512,12.164379608305026,12.14557933807373,12.120630037421813,12.143268510857325,12.142939565944369
990,12.190959007720126,12.198799285777383,12.167326555912668,12.138845443725586,12.171211349181029,12.16957923255169,12.169662781406078
991,12.759957758756611,12.61376371030136,12.653575893993406,12.64838409423828,12.649085815129228,12.640824837617107,12.648296472485848
992,12.031719258385396,12.05850034528716,12.103398161374352,12.127264340718588,12.02876921792493,12.07782098333552,12.07646596633285
993,12.138863895836725,12.24819283810758,12.181966639479064,12.198816299438477,12.238367985864329,12.218127869564432,12.218972553381724
994,12.066235700342375,12.072892226010593,12.05241692062945,12.047993977864584,12.053797904332631,12.057005833279696,12.055324480885542
995,12.729320789294722,12.80679906281136,12.793736950317188,12.763699531555176,12.801332734524792,12.791830472707456,12.801669541051881
996,11.708492248514204,11.682149576276055,11.661811991769955,11.633398373921713,11.74607241404548,11.682479677280076,11.674926585339902
997,11.824079893607152,11.781409529608354,11.795051024418166,11.769670486450195,11.780026467671412,11.781377761165302,11.775375171855911
998,12.128111104060462,11.974792054998687,11.999381873431451,11.976943651835125,11.995834155077352,11.986629165796,11.983844463328797
999,11.418614785498987,11.310902902147498,11.312252396033031,11.329216321309408,11.333173944246218,11.321563433826494,11.30835197558656
1000,12.235631447771718,12.162226810102805,12.15458111910786,12.157353401184082,12.164676972791815,12.159905767327281,12.159837657699624
1001,11.314474526246391,11.184912370586568,11.165251376998306,11.060814221700031,11.335632166888326,11.190075779253277,11.174802886187488
1002,11.362102575235644,11.33773926181054,11.391847066376627,11.279223124186196,11.421329951810419,11.358292438621092,11.34565680972307
1003,12.354492650648448,12.362021979788244,12.42303239339315,12.385512987772625,12.396673765239496,12.39115317597644,12.3947105128831
1004,11.827042533619087,11.94338695874844,11.91330733940829,11.91292953491211,11.925735026171678,11.924288638645146,11.920526574963706
1005,12.106252310247962,12.136894683980602,12.149871600352483,12.119181950887045,12.152246685661419,12.139687128667266,12.139302035623938
1006,11.917723684090689,11.86601154719637,11.849650051010936,11.807328542073568,11.850021079362895,11.843700225509716,11.838674714229816
1007,12.004568269319446,12.055388299834847,11.992704321012766,12.007010142008465,11.971007105066802,12.006654183622606,12.004183429025796
1008,11.385092093460344,11.39783720649119,11.315709966112962,11.322914123535156,11.42794848184725,11.368425274166608,11.355948505658528
1009,12.388394202324129,12.409526225017572,12.384664176860689,12.388864835103352,12.38173989940047,12.39134327044999,12.394903587616426
1010,11.532728092266408,11.582712868007103,11.578597957546188,11.57907772064209,11.68388063960986,11.607653152689883,11.5989269467856
1011,11.813030057420567,11.74590519642163,11.7987508647471,11.717419942220053,11.810596057716703,11.768455376323331,11.762250192677364
1012,11.512925464970229,11.601613462764348,11.615025150366405,11.56297810872396,11.662924510854289,11.611592405630166,11.602927958475975
1013,12.013700752882718,12.01793506046293,12.039440158831717,11.983518918355308,12.050986939277136,12.023347668955289,12.021138631187647
1014,11.350406535472453,11.316177092571928,11.45345532808686,11.41986401875814,11.392716287744802,11.393694498916952,11.381613895813844
1015,11.688558033613386,11.6795250660825,11.642312676203565,11.667738596598308,11.663771323350275,11.663799151922538,11.65595319077223
1016,12.332705296463539,12.273067152575855,12.24698805277229,12.224757194519045,12.256891913640358,12.25095716292373,12.252316537255949
1017,12.220961258023925,12.328625799677958,12.329617088296828,12.325860341389976,12.32325245954514,12.326762894239039,12.329310734325249
1018,12.141534124392603,12.15705132779118,12.091931835489762,12.111424128214518,12.114836619121256,12.11958037818832,12.11888005588787
1019,11.982929094215963,12.02038459151264,12.062427829411332,12.031899452209473,11.980021133557548,12.022315641945536,12.020090424283088
1020,12.27134527214637,12.175544487466048,12.165817691023523,12.161885897318522,12.171579874913787,12.168904787176844,12.16897776222346
1021,12.078239274020289,11.916685359260152,11.965306500966486,11.974332809448242,11.948339474933135,11.950426993791122,11.947074721551802
1022,12.175613438045465,12.215006032185904,12.20342087783532,12.210575103759766,12.210973413989848,12.210156005513912,12.210875708181954
1023,11.37366339763672,11.609152207338688,11.606045530940328,11.590641339619957,11.632276025549894,11.610051727777567,11.60136312621138
1024,12.160028707028767,12.142385431840935,12.172740682127378,12.165472666422524,12.131655292611676,12.152243393285852,12.152055154625938
1025,12.567237494741757,12.601108057169844,12.557712541276851,12.654503186543783,12.593894512642157,12.602033979870063,12.608897460115132
1026,11.630708500626612,11.67907432668325,11.70438793063955,11.73663647969564,11.718454174925768,11.709396714061619,11.702265621564742
1027,12.028738630247258,11.867511371709003,11.886360697250232,11.873512585957846,11.865134155251196,11.87274254411275,11.868172351981906
1028,12.588190652108505,12.5746087639386,12.69515826325972,12.668566385904947,12.586244324067879,12.62867177948388,12.635952881352717
1029,11.56171562913966,11.664495128377666,11.705359309835606,11.70684782663981,11.663881776818195,11.684166396271422,11.676639748344426
1030,11.678439903447801,11.694659088353234,11.678283381496223,11.662359237670898,11.706055883503387,11.686004747334218,11.678506920675007
1031,11.982929094215963,11.840338885416855,11.822556964709683,11.817708333333334,11.838206620495493,11.83012325473397,11.824884886661714
1032,12.190959007720126,12.283321112643328,12.259946804738457,12.232854207356771,12.214696157528115,12.247432638278143,12.248736755880197
1033,12.644327576461329,12.672587197911804,12.662358391794555,12.680933634440104,12.679186584779798,12.673972920000102,12.681964243288691
1034,12.345834587905333,12.360355407979052,12.368338393321794,12.357158025105797,12.366468063587144,12.363061578966583,12.366178501930367
1035,11.693161515273161,11.72982975991876,11.685704804214827,11.713388125101725,11.65954540302466,11.69692120272549,11.689594521877584
1036,11.33857207782545,11.264136610735695,11.268699596902644,11.229098637898764,11.276249986399913,11.259897445981238,11.245719201807464
1037,12.661913960963405,12.683662585636736,12.678005313674314,12.709208170572916,12.690626990884736,12.6903910194447,12.69863974212245
1038,12.567237494741757,12.42470022057087,12.45119446191346,12.454422314961752,12.439155046792488,12.441936021136428,12.446289520434975
1039,11.48246625748552,11.454053623427283,11.54878278886074,11.538094520568848,11.573199127025177,11.528140277804724,11.518167486356543
1040,11.289781913656018,11.199455493651971,11.26966607449964,11.248840967814129,11.180550588616475,11.222846963250372,11.20808784967358
1041,11.951180395901384,11.87617156384372,11.954482266243064,11.951111793518066,11.807387803232062,11.894457560567618,11.890227811737779
1042,12.061046873479915,12.052069490491254,12.001901748893232,12.011837323506674,12.02100392043168,12.02235324227063,12.020128614097894
1043,12.185869938212655,12.16163614715179,12.172485302516415,12.126677831013998,12.188373186399643,12.162756258826278,12.162732838583839
1044,12.477167914377556,12.46211699362344,12.44689259320198,12.454344113667808,12.42575115463532,12.447044736148708,12.451478328769142
1045,12.535376392672774,12.606083393242557,12.57901957014757,12.68780485788981,12.694308607785738,12.642973143469806,12.650478459010058
1046,11.84653646931041,11.76463120157815,11.788973961764272,11.780594825744627,11.797957672984483,11.783018380391685,11.777041512353392
1047,13.229567991666638,13.046270943657715,13.02303649228528,12.973717053731283,13.074977550079891,13.030818267034489,13.044404133994941
1048,11.884489021402711,11.867928308786473,11.870668464667082,11.862287203470864,11.8678171740291,11.867168473676093,11.862510892482321
1049,11.652687407345388,11.80298569929112,11.784003666474556,11.752379735310871,11.82808834855318,11.792904049612805,11.787082166944625
1050,11.349229372299439,11.52576365446381,11.5484935666285,11.53440030415853,11.514117548060392,11.530087487996365,11.520145224485695
1051,12.080991165908294,12.141451545490677,12.121638522310922,12.126608530680338,12.101925625228247,12.122753288445502,12.122102710341375
1052,12.206777397134413,12.191513506559074,12.146898356156976,12.15795389811198,12.132100287046876,12.157210046707283,12.157099674158555
1053,12.013700752882718,12.05228739561229,12.019141832851869,12.003189404805502,11.989521996168746,12.016000546680772,12.013676322329449
1054,11.881034786534624,11.888137456353704,11.878118300666856,11.866721789042154,11.92079023679697,11.889239573441852,11.884928018145718
1055,12.449018824140563,12.468877327118228,12.47740506503627,12.467363357543944,12.463780504927044,12.469151950682338,12.47393213539988
1056,12.100712129872347,12.051328804736327,12.01955546458028,12.031466166178385,12.018686184818423,12.030439905568263,12.028342058342384
1057,12.132695175725399,12.283304547714083,12.250092706254994,12.247886975606283,12.290546192143928,12.268860293904622,12.270500349627165
1058,12.421184025147118,12.449285039522502,12.32641480935272,12.345996220906576,12.418056764664124,12.387225845616559,12.390721610692747
1059,12.721885810807203,12.758537696844902,12.728978729139802,12.764418601989746,12.78751180000925,12.760733290205277,12.77008482369174
1060,12.301382825334498,12.189563608145312,12.139650990579346,12.163359642028809,12.168419005382505,12.165941519729348,12.165968037313974
1061,12.271392111650817,12.256894253092955,12.233685396768756,12.242196400960289,12.272729189628565,12.25209507307661,12.253472287316503
1062,11.302204433654575,11.250197833093404,11.486354012701208,11.243921597798666,11.462307787167902,11.359988920419815,11.347379888594139
1063,11.407564949312402,11.742793000300622,11.684715188341237,11.732367833455404,11.729141381012617,11.72308080571305,11.716164249426297
1064,11.612770799939945,11.67961141999455,11.745953687417035,11.719085693359377,11.655573684744132,11.69833264227381,11.691028089667897
1065,11.944707881395766,11.914959339562406,11.968242055917672,11.9322878519694,11.95256264557446,11.941569908932735,11.938078777245035
1066,12.70076888736628,12.524275767661322,12.520095194725675,12.563461303710938,12.612581740233315,12.55619821255777,12.562343089620557
1067,12.089538829274222,12.081241572033797,12.080893752049905,12.06010659535726,12.082372334092204,12.076325249924029,12.074946783138529
1068,12.031123843065632,12.14928611022723,12.091673245745705,12.109153111775717,12.130149925550688,12.121013342552322,12.120335485955238
1069,11.927680619985486,11.998722480919405,12.02237904754294,11.9573548634847,11.91882629920868,11.973045456023778,11.9700477911117
1070,11.813030057420567,11.775252287819908,11.791468297334342,11.814956665039062,11.790192641928776,11.792641007636021,11.786815001052988
1071,11.813030057420567,11.76909366169292,11.804694100437947,11.78960418701172,11.7734876292253,11.783554923873616,11.777586467647238
1072,11.944707881395766,11.947625808936431,11.962707819852309,11.952839851379396,11.942506580224565,11.95105986020451,11.947717509907054
1073,11.424094251263613,11.589132909373996,11.583465399289937,11.55685297648112,11.500639596931391,11.556538272051768,11.547010698175649
1074,11.979799201207037,11.900490965525703,11.946837068843497,11.88689867655436,11.915490425916834,11.911985117500365,11.908030161892675
1075,12.175613438045465,12.14593541541005,12.15059582600785,12.155386288960775,12.152839260471026,12.151147724791764,12.150942308479706
1076,12.299107511497363,12.166707074703927,12.16224400368363,12.18521245320638,12.173240602722212,12.1718900393575,12.172009816537967
1077,12.043553716032399,11.971018123265274,11.975838383070643,11.949449221293133,12.026594310608319,11.981618105387762,11.978754840606298
1078,11.840789327054841,11.779306610011185,11.798509217410531,11.81043529510498,11.80916956128417,11.799260370167861,11.793538140509684
1079,11.956970055045868,11.844963268152272,11.865396567456406,11.856545130411783,11.859748374554274,11.856463935322207,11.851638530706312
1080,11.744037185933616,11.759681056486931,11.821502799932944,11.814653396606444,11.821875892155305,11.803941832856435,11.798292998151217
1081,11.884489021402711,12.046803357595278,12.025830577353693,12.037705421447754,12.06637346140277,12.044875779354143,12.043004254615044
1082,11.79810440720389,11.685223264344812,11.783592426061858,11.76973025004069,11.767999512941325,11.750644457551072,11.744160038197716
1083,12.165250651009918,12.17513662844526,12.1631623702965,12.167760213216146,12.17141508849154,12.169562511930312,12.169645798642438
1084,11.982929094215963,11.91356607295252,11.910204367811412,11.90465768178304,11.935120019693954,11.91632318850436,11.912436244229552
1085,12.141534124392603,12.09398835578246,12.115242293078156,12.129067738850912,12.1040004046607,12.110125418884518,12.10927686379028
1086,11.898187865760873,11.972512609004246,11.938071864897772,11.912580808003744,11.977573172265869,11.95124847352976,11.94790908027096
1087,11.332601910838946,11.4782278207648,11.450894369632364,11.470483779907228,11.453501246336138,11.463415794575539,11.452428266768669
1088,12.437184366493561,12.466666394285271,12.4806022160004,12.487625122070312,12.49557923648205,12.482667794437242,12.48765987761101
1089,11.831379196088763,11.84994905800204,11.793451022694937,11.825414021809896,11.807071300529275,11.819440330934636,11.814034478308539
1090,12.190959007720126,12.217197725672523,12.226728242841205,12.200997670491535,12.221855274902168,12.21672128685957,12.217543918579404
1091,11.439278924801929,11.368344723891582,11.369390971001016,11.408045450846354,11.389622989895274,11.383867340742455,11.371632669592687
1092,11.982929094215963,11.982927835556614,12.014882546189147,12.001917521158854,11.995190348056733,11.998251322231063,11.99564882940251
1093,11.824079893607152,11.99811603531949,12.017271719206846,12.009992599487305,11.988403956372117,12.002904170187957,12.00037462369683
1094,11.891361900690473,12.022623515084405,11.93870779675955,11.963907241821287,12.031704269405173,11.991163169609113,11.988449550266719
1095,11.76756768334381,11.794323059843071,11.79464890621685,11.814026514689129,11.77861422582499,11.795026886423546,11.78923828512878
1096,12.08069081199846,12.0741520758353,12.08191038280367,12.046736081441244,12.05814904113569,12.065066982001412,12.063512010542148
1097,11.751942365440728,11.709975028561848,11.693188956164382,11.676171938578287,11.774276913561613,11.714866450444529,11.707821111283998
1098,12.043553716032399,11.986494576557744,11.978195378791993,11.98249657948812,11.936431669598116,11.97033054887476,11.967290320239387
1099,11.759785542901755,11.64716310620778,11.609997885051156,11.636116027832031,11.679001517408581,11.644228019768885,11.636075226668963
1100,11.964001084330445,12.022363569578223,12.024784592024952,11.96590010325114,12.0247466399082,12.009842942880404,12.0074221809571
1101,11.002099841204238,10.988924156029135,10.999454587183882,11.031440416971842,10.98483698847248,11.000630403269213,10.982387426837665
1102,11.691071650353702,11.641952208643724,11.678631035388277,11.68696435292562,11.705141228911799,11.678183875979169,11.67056343540132
1103,11.813030057420567,11.765905303406266,11.798089598402056,11.733564058939615,11.806258106250992,11.77624926363923,11.770166270862008
1104,11.979799201207037,11.984648810334429,11.93249247635155,11.931934356689451,11.956677933622096,11.952255015749847,11.948931402840866
1105,11.571194373094205,11.579858643119922,11.642644527428594,11.63689422607422,11.607588268741784,11.615721068319399,11.607121349440112
1106,12.691580461311874,12.71021573378591,12.647604806970271,12.685450236002604,12.700936523062781,12.687118561854072,12.695315979654074
1107,12.100156419938624,12.165488469008832,12.20832749442443,12.167105038960775,12.126271615024166,12.165504303755727,12.165523966763491
1108,12.523525876315125,12.43075097856457,12.339645287068578,12.388416608174644,12.416629872361641,12.395448260137115,12.399072934438282
1109,12.106252310247962,12.047206493319225,12.02693343377362,12.05903466542562,12.028339696566178,12.040349761108608,12.038407278440689
1110,12.542544882151386,12.627575805385902,12.641377896510145,12.653075536092125,12.625675616491586,12.636491289592911,12.643894984039067
1111,12.144197241812087,12.122056146756597,12.106358739033912,12.086440722147625,12.124643673080648,12.110422478392898,12.109578580532968
1112,12.230765258120545,12.160374659790138,12.17140756603786,12.175294240315756,12.165967408509033,12.168056823097865,12.168116503948237
1113,11.77452020265869,11.674986458945185,11.700997270882707,11.7174924214681,11.685514236391631,11.69417531213676,11.686805581813937
1114,11.809319478024031,11.812999094369331,11.762782280516006,11.789838473002115,11.820881339740524,11.797730251358635,11.791984032830847
1115,11.669929213779893,11.65200022192328,11.69748577216581,11.701430320739746,11.67512263149302,11.68075438458747,11.673174243884027
1116,12.669806661762314,12.701732918113372,12.622183193646729,12.642983118693031,12.669610276291564,12.660375452660052,12.668153597815612
1117,12.123234367221169,12.18441572617501,12.148834357762029,12.151965141296388,12.160550263029046,12.161903098220186,12.161866302311484
1118,11.77528972943772,11.787507208948526,11.823154570551454,11.823626518249512,11.773843850367387,11.800990633694695,11.795295530731444
1119,11.84939770159144,11.783972304298992,11.807053514535037,11.798537572224935,11.862335846084852,11.813648829797383,11.808152179277164
1120,11.803353763090035,11.72600446573717,11.741613901555713,11.693902333577476,11.762403992603764,11.73148848335633,11.724703740809467
1121,11.681824001432043,11.645687571808594,11.612631306728554,11.609288215637209,11.652523050257289,11.63093361105053,11.62257239110468
1122,12.26857785088157,12.342882004676603,12.286325338259424,12.30796718597412,12.329549499657995,12.317660162880058,12.320065292325525
1123,11.626254150277232,11.386978906320444,11.382974876734366,11.303826649983725,11.350848509246733,11.356277330273405,11.343610108945363
1124,11.678439903447801,11.528975552353552,11.584323095254158,11.506452242533364,11.51439825436056,11.532571951852727,11.522668639225573
1125,12.00701176473192,12.005797259266474,12.034371666811618,12.028448740641275,12.006380302150305,12.018128612777797,12.0158377517835
1126,11.652687407345388,11.564362086642689,11.654845728979447,11.643664042154947,11.566315317554205,11.60527879820634,11.59651536768932
1127,12.066810578196666,12.162096885125296,12.20201124685435,12.1863587697347,12.221158479257932,12.192950532699852,12.193400491710443
1128,12.464583340681674,12.387273736974317,12.408608828406818,12.360001881917318,12.338835689926682,12.372807507702817,12.37607722521581
1129,12.2783933071098,12.26717884490327,12.272369475382629,12.25938860575358,12.25885187388083,12.264294093357224,12.265862561181565
1130,11.84939770159144,11.750031226708352,11.738022069097603,11.73514461517334,11.772515983244533,11.749562665367439,11.743061285911715
1131,11.813030057420567,11.776271915679578,11.927453427094818,11.9237642288208,11.752794615463044,11.841198922303782,11.836134196136708
1132,11.44571671527678,11.640188416853883,11.659177701337144,11.588268597920736,11.55801048889436,11.61025364142265,11.601568205414639
1133,11.67419361256635,11.74875718010506,11.762998702254976,11.660555839538574,11.76606071136033,11.735237424898273,11.728511457440826
1134,12.386308695833106,12.359086251879708,12.38510636002635,12.388517379760742,12.338010108924676,12.366733677237853,12.369908170558984
1135,12.037653993905211,12.068115093278132,12.0648508693124,12.080123583475748,12.074192882744974,12.071879083594617,12.070430910781257
1136,11.532728092266408,11.534413218041005,11.564472188570454,11.539884249369305,11.558739019364502,11.549203540768211,11.53956097457167
1137,11.686878772093667,11.709138797862138,11.70151384372627,11.712032636006674,11.718015161234613,11.710410904168226,11.703295711923069
1138,11.451050061252142,11.433342073950511,11.406455580537454,11.419294675191244,11.518078489495773,11.446083829578695,11.434824574997469
1139,12.185869938212655,12.263300126444216,12.271594329271686,12.215955098470053,12.24091502665002,12.24780904071049,12.24911905946794
1140,11.877568578558138,11.611082272261802,11.738168663832717,11.719255765279136,11.653113127400637,11.678172919847647,11.670552307501953
1141,11.842229212112828,11.745987636052462,11.718429595366128,11.768628438313804,11.74596112206932,11.74504416209603,11.738471942529616
1142,12.193493863323313,12.129244326330491,12.120723401991135,12.1550563176473,12.112954980742728,12.129212106854315,12.12866278869923
1143,12.959538518762063,12.86002302355216,12.95325603442175,12.929457028706867,12.878223664331442,12.903486177961547,12.915075760147465
1144,11.289781913656018,11.503613519612836,11.505869161386777,11.438808759053549,11.431527714804547,11.469311971674674,11.458416882848871
1145,11.289781913656018,11.42220599982384,11.422511639600003,11.344594637552897,11.424170855198758,11.403942966037354,11.39202303617085
1146,11.911701584927597,11.755025905112308,11.832051562491277,11.768367131551107,11.754792857352271,11.776196150146799,11.770112324667805
1147,12.100712129872347,12.092474009638062,12.096161103488848,12.080423672993978,12.111250454947884,12.095378866636736,12.09429911830642
1148,12.069680020624618,12.11195763579677,12.154607946994886,12.167792320251465,12.12800981547988,12.139733611309373,12.13934924701079
1149,11.66907414746016,11.671608053877485,11.65851429982004,11.684468587239584,11.670595151088571,11.671405869005396,11.663679164309665
1150,11.870599909242044,11.984702071263124,11.877037146479474,11.913787841796877,11.9181431464924,11.924705434601517,11.920949905356352
1151,11.728036844587175,11.701036183899232,11.74066829048944,11.75723361968994,11.721894367987376,11.729467729237623,11.722651305747569
1152,11.917723684090689,11.95694653746,11.974214526975658,11.904639879862469,11.920349859090827,11.93858353384763,11.935045582421427
1153,12.345834587905333,12.295295727238011,12.20997772337556,12.1981782913208,12.347554008984082,12.265610208259165,12.267199309846445
1154,11.699405031912846,11.67043713953255,11.66453830489207,11.61207071940104,11.673762903761249,11.655760529272193,11.64778854034584
1155,12.215032386901646,12.334599152685245,12.269053358228708,12.289340655008951,12.314464858987671,12.30296406821477,12.305138795487157
1156,12.292250341771226,12.256216515676558,12.17656377522234,12.184640566507976,12.205356040018549,12.206758144671028,12.207424576416429
1157,12.100156419938624,12.154848621515663,12.138750743573288,12.115873336791992,12.171845722237045,12.146120167172366,12.145835929906362
1158,12.345834587905333,12.209344949634612,12.228671085906113,12.23133373260498,12.226327961497114,12.22369713957771,12.224629137197939
1159,12.367885325692589,12.299490392922271,12.354627234156236,12.39310359954834,12.343868985184853,12.346860138552895,12.349723058860642
1160,12.128111104060462,12.14270306884753,12.143936069639082,12.167988459269203,12.167435316026365,12.155681749240824,12.1555474163771
1161,11.891361900690473,11.827358393914908,11.88247771442537,11.812146504720053,11.844128434096659,11.840977012658303,11.835908807440113
1162,12.319401330837177,12.345830559328869,12.262901871489566,12.274717648824057,12.323883686193966,12.30337448968354,12.305555651454371
1163,11.76756768334381,11.698104206092154,11.792734894606868,11.774570147196451,11.756456899567993,11.75423252235352,11.74780435589908
1164,11.598726943661342,11.783498765746453,11.77087381676354,11.789554278055826,11.816702341217379,11.790811822020748,11.78495713786382
1165,12.175613438045465,12.191206568892165,12.1710227496693,12.173836708068848,12.196715925574447,12.183731085791168,12.184036504320035
1166,12.359523080243038,12.249794768261951,12.302633235738435,12.311750094095864,12.273308801642338,12.28341286832616,12.285281076142644
1167,12.41044104151805,12.387729357367808,12.422350671417496,12.4753204981486,12.379882647150671,12.4150174867858,12.418948963162489
1168,12.061046873479915,12.169124105161488,12.13523656918728,12.15133253733317,12.167982289455844,12.156584477563616,12.15646429747803
1169,12.367340793126296,12.234750241971671,12.194382863879609,12.099065780639648,12.22593926157299,12.190026206626857,12.19043031868985
1170,13.345506928718539,13.201799078207978,13.269780909649088,13.24353281656901,13.261642711155945,13.243660038683899,13.26058279260837
1171,12.049418835484797,12.003924872525864,11.925169705872186,11.94540532430013,12.112231968202073,11.999988181537825,11.9974129188114
1172,12.0015054797889,12.0151405928416,11.983850939914646,11.99740982055664,11.976854765398736,11.993388517861456,11.990709787044544
1173,12.05466819137094,11.989606792593358,12.01210298697841,11.97001838684082,11.967831894268718,11.98433751128789,11.981516880760163
1174,12.20856952572876,12.192771630502024,12.326665503102532,12.290533383687338,12.089891981100621,12.220557358648074,12.221440131466363
1175,12.384218830913648,12.354171193255397,12.3626065621239,12.337464650472006,12.405455487141872,12.365660506595109,12.368818174980513
1176,12.560244459250788,12.636106674173382,12.588982699066245,12.641092618306478,12.617161575808517,12.621295419256043,12.62846087615493
1177,11.691071650353702,11.685941452266318,11.783172376606208,11.784592310587565,11.737518004061187,11.746272622404708,11.739719662371598
1178,11.652687407345388,11.659894995761316,11.615702855843866,11.591504414876304,11.621484094697252,11.622789063341505,11.614300154949598
1179,11.95053502640496,11.7435079304541,11.781187659173376,11.803373654683432,11.761615814561331,11.771646468496773,11.765491314099256
1180,11.440354772135393,11.415051069821237,11.517392059419327,11.492498079935707,11.36322151211521,11.444047489948172,11.432756310077494
1181,12.429216196844383,12.40673105365749,12.3680193965669,12.382341384887695,12.327600794285038,12.370814030516467,12.374052494728078
1182,12.8802918162046,12.586533315378505,12.628649991942009,12.611105918884276,12.611937998571419,12.60906606007849,12.616039787746308
1183,13.521139497361697,13.383331800103493,13.16914459166856,13.1813538869222,13.521005774206026,13.320685983475096,13.338816333394814
1184,11.695247021764184,11.86006455445955,11.898665175015251,11.892098426818848,11.91386151271785,11.891105619926133,11.886823320100575
1185,12.137258329529814,12.27348927502222,12.216693257533342,12.199873924255373,12.244863792188106,12.23476089226357,12.235866344990022
1186,11.560762794384388,11.704682265318365,11.735463962453348,11.632067998250326,11.653826584079754,11.680767080049844,11.673187138383097
1187,11.461632170582678,11.58543435870657,11.606719982533171,11.64003086090088,11.469593678620418,11.573000300892932,11.563730815121492
1188,12.476099782743233,12.49480930328547,12.51882350640689,12.499349276224772,12.498008444795637,12.502368206832234,12.507669148783098
1189,12.180754837545884,12.13949456665462,12.141433614478942,12.137388865152994,12.148832594006448,12.141908193034656,12.141557921354993
1190,12.14950229404178,12.162017114134317,12.18623783351994,12.174956321716309,12.172795596615162,12.173671389857812,12.173819094663655
1191,12.031719258385396,12.15525989211426,12.072048038685372,12.0233949025472,12.131274085765943,12.097438978155902,12.096391527805533
1192,12.066810578196666,12.067287139925083,12.057434451315538,12.054686864217125,12.0719537126635,12.06316027392841,12.061575409515035
1193,11.736069016284437,11.78358671187488,11.725094863398192,11.7259095509847,11.790906060466666,11.757850717399442,11.751479276219314
1194,12.013700752882718,11.982688012793696,11.99748650170235,11.98289426167806,12.010268998019866,11.99349676003542,11.990819726215749
1195,11.970350312009105,11.930073956632492,11.90909712678534,11.859277725219728,11.958946354573593,11.915619485551675,11.911721508775157
1196,12.078239274020289,12.010287462909114,11.997215049139337,12.008153915405272,12.006756226688383,12.005780917210934,12.003296471733416
1197,12.297785453453374,12.354169857518848,12.322112202758348,12.302213986714682,12.335252539974965,12.329051757753177,12.331635482143316
1198,11.877568578558138,11.911525801971342,11.941026334602036,11.949074427286783,11.911744304795405,11.927596015587174,11.923885804241472
1199,12.089538829274222,12.050989585380847,12.092577286790464,12.082731246948242,12.03920001824161,12.065293097511276,12.063741671041754
1200,11.904967552746252,11.848515234285552,11.864669709956672,11.847988764444986,11.877196775208844,11.859754071075113,11.854980248491348
1201,11.661776411702583,11.491280517472246,11.553287624845012,11.527250607808432,11.531737893011433,11.525213184389541,11.515194502607972
1202,12.195517131590657,12.183535169860178,12.19760119480695,12.193032582600912,12.153384013624985,12.181145215475784,12.181410093292746
1203,11.669929213779893,11.822354444816952,11.8040839377947,11.823744455973308,11.8382563755273,11.82263477897769,11.817279008212637
1204,12.269047444691562,12.220237832391662,12.261691687420813,12.253451665242514,12.214534475007747,12.236479070860753,12.237611460817234
1205,11.941455846009388,11.903892678723375,11.91232927751093,11.920980453491213,11.919761499373521,11.914215781203936,11.910295797456216
1206,12.513189630620563,12.55414803457594,12.56655637146008,12.505404154459637,12.540070419237734,12.541477489592804,12.547391578365387
1207,11.580584113444043,11.683680805334848,11.63932358290731,11.633427302042644,11.72185601354206,11.671218905130317,11.66348926925565
1208,12.206072645530174,12.293284109109246,12.276590306674814,12.224863370259603,12.28196537997295,12.269766379595085,12.271420640731844
1209,11.84939770159144,11.868420898961167,11.865557141044087,11.883790969848633,11.868415978157985,11.871484658029054,11.86689474503401
1210,12.577636201962656,12.555845990928814,12.570607891581105,12.576751073201498,12.583457465331028,12.571682764241979,12.578070404735357
1211,12.14950229404178,12.164187913668885,12.178585069193224,12.16497548421224,12.195796683617182,12.17611051547423,12.176296460360533
1212,12.007621706806335,12.313565959848257,12.226497354534049,12.309795061747232,12.322678822895655,12.294725926862672,12.296771498348237
1213,11.635143097694478,11.37857497422325,11.343988747830158,11.405084609985352,11.385221379163475,11.378696486119928,11.366380747436992
1214,11.884489021402711,11.906536022040292,11.762023880910462,11.766169865926107,11.936453185753058,11.846602958382778,11.841622955516987
1215,11.809319478024031,11.74395677830117,11.757958950628668,11.763277053833008,11.734287001071351,11.749360755836683,11.742856210887288
1216,11.736069016284437,11.58826253667296,11.648907614712895,11.65467103322347,11.707111276040074,11.650026052737482,11.641964159936313
1217,11.626254150277232,11.80585001595425,11.756441608593898,11.750840822855633,11.774195286751095,11.772565266076313,11.766424516387243
1218,12.343466568968994,12.34964990241599,12.385541297604092,12.401177406311035,12.374182255178104,12.377045982453417,12.38038214985091
1219,11.296012463406655,11.252980173385254,11.07932159093066,11.106930096944174,11.109105513238722,11.138846567236827,11.122770513736741
1220,11.424094251263613,11.391169672037156,11.488888022811452,11.443630854288736,11.467772618665911,11.447019360758128,11.435774773231085
1221,11.652687407345388,11.512795848928,11.656648709598349,11.614175796508787,11.606857595302019,11.595927596178278,11.587017559551454
1222,11.805595078933049,11.720913517368126,11.73125350282882,11.712514877319336,11.759756831276507,11.731572191739502,11.724788761554448
1223,11.870599909242044,11.961246430389076,11.946353636908173,11.941485404968262,11.908383741284643,11.938971672040054,11.935439805759941
1224,11.834284063781393,11.879363049379656,11.767128015808533,11.594132741292318,11.780317176491186,11.757632767608333,11.751257909458824
1225,12.122691036591123,12.232008215235338,12.16838152432396,12.18994649251302,12.213469860848603,12.202020518966005,12.2026126752469
1226,11.884489021402711,11.892672908694122,11.88137161200183,11.8685032526652,11.869803554348463,11.878106837072771,11.873620745159243
1227,12.273731294003989,12.308214622756305,12.263096462582029,12.269941965738932,12.352860838602657,12.300198795345153,12.30233016927144
1228,11.898187865760873,11.90122487261312,11.888620461784187,11.8777224222819,11.895234041267218,11.890985167973735,11.886700979728687
1229,12.813917896253697,12.77542687592063,12.805768017568017,12.86421553293864,12.774593300866547,12.803862957649521,12.813890668673606
1230,11.751942365440728,11.75889802970424,11.872342628574197,11.874259312947592,11.824631419406186,11.830823867905309,11.825596483893843
1231,12.154779351142624,12.2556057831005,12.214649668924254,12.16105874379476,12.13873675978015,12.192129277124701,12.192566360669158
1232,11.794337924408413,11.797911711732716,11.914258133872636,11.904303232828775,11.799436054297514,11.851336682066137,11.846430893489806
1233,11.53076538309856,11.542359466774494,11.554278757852494,11.536073366800943,11.448616337850774,11.51879751808941,11.508678252888167
1234,11.863582336583399,11.756060852736033,11.824762304195229,11.807461102803549,11.82767050978,11.803553337377835,11.797898411925072
1235,11.77528972943772,11.680321938193096,11.606059573031317,11.693135897318522,11.632953349897342,11.65354846550488,11.64554179632431
1236,11.841415931849784,11.852788319502483,11.936107787249837,11.900708516438804,11.960603523353386,11.912435243680592,11.908487345053173
1237,12.075394321888057,12.053526991196,12.006091932951284,12.013527870178224,12.001191537581136,12.018874356510498,12.016595187124107
1238,12.180754837545884,12.258961260917786,12.263354569051936,12.254292805989584,12.207984935319303,12.245357111369257,12.246628689312239
1239,11.867097278690842,11.868873751112195,11.852615546287192,11.85119088490804,11.848567028678673,11.855404237776314,11.850562219452971
1240,12.490875577231112,12.37560376319872,12.296556499218802,12.312352816263834,12.356606411128537,12.336745130215434,12.339449469624325
1241,12.323411137947407,12.245381420919491,12.271434692480932,12.257692337036133,12.26136978351427,12.258690424406158,12.260171039128505
1242,12.422505731952896,12.44401880474294,12.38397299146819,12.391552607218424,12.46109394861694,12.421768663647834,12.425805983505754
1243,12.043553716032399,12.087388079988203,12.081337401600535,11.971378326416016,12.085997025555274,12.05742354635552,12.055748742776041
1244,13.049792684569493,13.00405515257702,13.023338902849806,13.031744003295898,12.98522178460931,13.010299687258728,13.02356386839199
1245,12.345834587905333,12.20745388976671,12.217597427852525,12.200895627339682,12.18746935064182,12.202938899356543,12.203545453805285
1246,12.089538829274222,12.194689239304418,12.14846254343019,12.18108081817627,12.23549691722764,12.191390065711555,12.19181556006039
1247,12.136186518066006,12.189959871822374,12.195514890388326,12.176310857137045,12.175461576368532,12.184103041337398,12.184414291304352
1248,12.042965307660024,11.88077578196286,11.879744809432731,11.863539059956867,11.9157959938835,11.885619271647549,11.88125095804796
1249,11.771436160121729,11.830270678731148,11.88571190529796,11.848271369934082,11.816843297248589,11.844038158786944,11.8390179455514
1250,11.686878772093667,11.681456235857077,11.709797553986258,11.726036389668783,11.713239335841214,11.70732074104966,11.700157101899805
1251,12.404923504275338,12.57147882209149,12.402174438936774,12.50184408823649,12.49017916018155,12.493493238186788,12.498655040311155
1252,12.053795210084596,12.135890950025148,12.108332001403832,12.08293310801188,12.116290447262832,12.111399321753442,12.110570738631075
1253,11.77528972943772,11.603589496476287,11.684580531283444,11.594274838765465,11.626510238185906,11.62631204058475,11.617878364663172
1254,12.591335046320818,12.490191289588802,12.499365494218264,12.44505818684896,12.519748196823336,12.48919492693252,12.494289341068708
1255,12.016122061571728,12.136768909478526,12.134586600218723,12.111940701802572,12.130649364545087,12.12860734209347,12.128048542568113
1256,11.755871643580617,11.79420565124648,11.76214222304442,11.767885208129885,11.796984152422107,11.781058023459217,11.775050421371672
1257,12.616525295149378,12.638054089025635,12.68748223748194,12.702740351359049,12.665397264581804,12.672552863527688,12.680521923480024
1258,11.511924964636645,11.411162317887936,11.366379618539623,11.353846549987791,11.357199563294634,11.372491517239212,11.360078498404876
1259,12.154779351142624,12.16944921313785,12.155476816674405,12.16376813252767,12.172465064081827,12.165603997392818,12.165625223375724
1260,11.925035115797062,12.030653490326536,11.93811458797036,11.851595878601074,11.935682315375104,11.940395633993532,11.936886092278955
1261,12.106252310247962,12.150565120653098,12.124071417811114,12.145163536071776,12.222414150073616,12.162087023678268,12.16205311131286
1262,11.766792188927278,11.730427604772034,11.737855844888784,11.739148457845053,11.752618772962096,11.740156418385574,11.733507569837242
1263,11.992260421644849,11.832616758218714,11.846822358953538,11.827620188395182,11.883822970872865,11.848277930385535,11.843324187366193
1264,12.103486056755072,12.019783390639288,12.027496505880563,12.016101519266764,12.095988411689289,12.040866021672096,12.03893163282491
1265,12.106252310247962,12.02321548885857,12.031080050186318,12.028913815816244,11.961150672041166,12.010004872205293,12.007586648974696
1266,12.122147410592412,12.106500797377292,12.060508873016346,12.069085756937662,12.063311347731336,12.07523443838151,12.073838870090098
1267,11.711776323715394,11.70548053313482,11.787481533697518,11.806380907694498,11.652355507086464,11.735080839894358,11.728352417531307
1268,12.84397135185964,12.737601282659128,12.744731923115296,12.751609166463217,12.738604717227906,12.742935473171165,12.752007976356438
1269,12.850554654108839,12.834942448731471,12.811447180481585,12.889869689941406,12.87416934705791,12.853183942266247,12.863984896950845
1270,11.877568578558138,11.815119765442006,11.83971407612402,11.823283831278482,11.815279771838428,11.822889967291717,11.817538197313501
1271,12.468436909997665,12.400882422383324,12.36267009666804,12.343419075012209,12.338978755172839,12.361608027112435,12.364702161606663
1272,12.132156962580005,12.059273690777582,12.084788135735256,12.073518753051758,12.056689815975192,12.068009651701331,12.066500814777054
1273,11.827736204810263,11.789511185235131,11.803214970818004,11.785393714904783,11.843393533376073,11.805977229762723,11.800360305567132
1274,12.083905011555967,12.11790259938848,12.023945518053708,12.04738998413086,12.103200548153211,12.074934553807736,12.073534283991254
1275,11.842229212112828,11.863273149449086,11.792232509076598,11.812604268391928,11.78039071934495,11.812427471591189,11.806911672882881
1276,11.827736204810263,11.85615375347212,11.894630849846084,11.891731897989908,11.830208578059034,11.866914997483423,11.86225344234508
1277,11.99535161421452,11.991064414989545,12.004317763758968,12.008601506551107,11.995711966963407,11.999650851468928,11.997070300155114
1278,12.195517131590657,12.1756739822181,12.12957604953226,12.135019302368164,12.201514290432371,12.161871701038587,12.161834412891706
1279,12.375815420117268,12.42138055962878,12.444730565411191,12.458392461140951,12.422319782825973,12.436074618684994,12.440336224191832
1280,11.133128103610641,11.19692395772882,11.50042882756652,11.21302572886149,11.385461658007051,11.32164126984258,11.308431031898762
1281,12.332705296463539,12.2612002087765,12.251266528220455,12.253916104634603,12.261371627715926,12.257155809688637,12.258612365055502
1282,12.100712129872347,12.207359518336771,12.154860928108128,12.115737597147625,12.172135862619884,12.163513545212139,12.163501997540811
1283,11.921718363171067,11.907592571525646,11.907669282908245,11.918311754862469,11.864862041886225,11.898901514845505,11.894741437363464
1284,11.842229212112828,11.862928243853489,11.811131446690116,11.858766237894692,11.924457673828627,11.866109094936315,11.861434905033269
1285,12.037653993905211,12.101081691325668,12.079443071755264,12.131450970967611,12.10632115027019,12.104792528766176,12.103860365781538
1286,11.794337924408413,11.787696985981045,11.78469665643773,11.70893128712972,11.830423799044231,11.7791732145817,11.773136062870863
1287,11.870599909242044,11.927160402735602,11.969056350855883,11.973142306009928,11.96089707824097,11.957048613384952,11.953800153456214
1288,12.154779351142624,12.07821139046422,12.125829538033072,12.125771204630531,12.136091215521555,12.11621144811198,12.115458308459148
1289,12.535376392672774,12.441077698252242,12.498400802143053,12.454785664876304,12.426992118157242,12.454067608875583,12.458611304565872
1290,12.546109948315882,12.568687573846466,12.53116554938436,12.509183883666992,12.579818329365658,12.54841485185596,12.554437703083963
1291,12.103486056755072,11.98770549400615,12.022399940329386,11.990512530008951,11.991622890633003,11.997528148045777,11.99491431744977
1292,11.691071650353702,11.66991106158296,11.675714695488589,11.69236183166504,11.678863059695862,11.67909079699636,11.6714845749288
1293,11.585246126549855,11.653054466049994,11.64606194229159,11.652117411295572,11.712519132827923,11.666937052107826,11.659140286273558
1294,12.000891794590137,12.12108684650694,12.109328600081914,12.109390258789062,12.090115179198099,12.107299092306317,12.106406226679226
1295,11.652687407345388,11.70763084035445,11.717645010372904,11.71840000152588,11.722829300073718,11.716609914474779,11.709591908963793
1296,11.83862560460953,11.745562959590794,11.81015641104972,11.837171872456867,11.754908715169252,11.785379505599673,11.779439654768415
1297,11.951180395901384,11.902869275037228,11.91336406544385,11.935465494791666,11.941026936868951,11.923341721728427,11.919564812489693
1298,11.84939770159144,11.89580107065446,11.886977782095896,11.866328239440918,11.946888708697216,11.90010581959956,11.895964622945296
1300,11.944707881395766,12.049635242396343,12.020686161775158,12.036983807881674,11.984687786171257,12.022605053259381,12.020384372924513
1301,12.323855681186558,12.334094504193953,12.331293687581756,12.329878489176432,12.339705129621478,12.33390152651031,12.336561284519314
1302,12.086725887897607,11.977499840235234,12.038471464538,12.021923065185549,12.031221830397676,12.016756075564853,12.01444369623091
1303,12.577636201962656,12.614352945598418,12.634630168538688,12.637018839518229,12.650835334107697,12.634254302314266,12.64162292576082
1304,12.354492650648448,12.287556099519229,12.3168737010815,12.322068532307943,12.342363633532145,12.317298616990893,12.319698078198613
1305,11.77528972943772,11.866989011552626,11.839071663026765,11.874266942342125,11.85526020198165,11.859131190772658,11.8543476028071
1306,12.691580461311874,12.701716240990722,12.725146615620986,12.718987464904783,12.683755366759948,12.706629477394557,12.71513278308122
1307,12.218495165528731,12.21285602706874,12.160937360654602,12.191205660502115,12.198088406936899,12.19155994900466,12.191988106746782
1308,11.835008964139341,11.838103348405811,11.851472769445456,11.879060427347818,11.87337658142811,11.860514716875482,11.855752819530995
1309,11.898187865760873,11.88446259428913,11.855703094289131,11.85460885365804,11.917439678594311,11.87922347633126,11.874754890844955
1310,12.096257779522967,12.03837791753625,12.063450365695024,12.044710159301758,12.069066807163225,12.053897407429675,12.052167321811694
1311,12.721885810807203,12.716682920007193,12.72474769316982,12.734991391499838,12.698070034311394,12.718086577183447,12.726769504786592
1312,12.220961258023925,12.231003517159523,12.221827176758064,12.26007843017578,12.205221555099634,12.229097691957652,12.230114358262487
1313,12.618182296357007,12.67292933767096,12.654952485730048,12.623977025349935,12.7260742696594,12.67090849042119,12.678851770249913
1314,12.716402146247475,12.678836925000732,12.66186202594236,12.71731154123942,12.702061674580593,12.690367815642805,12.6986161745364
1315,11.686878772093667,11.63410392252838,11.696815822149922,11.68103535970052,11.657585120720022,11.666369616732652,11.658563954770091
1316,12.239990863733635,12.18592281881302,12.15220142383661,12.134536107381184,12.147400694301814,12.15536394922582,12.155224633962641
1317,12.596400426884427,12.566936704182195,12.596564648978337,12.585847536722818,12.553691934119355,12.574944431798606,12.58138320800593
1318,12.249610947544657,12.20664695726605,12.164939658227132,12.174619992574057,12.189963660006674,12.184707911989642,12.185028644987012
1319,12.524526376648708,12.508820473126692,12.511351105717418,12.563737551371256,12.483238485727815,12.51597999086988,12.521494335407843
1320,11.617285480294472,11.57367782642542,11.682218320533629,11.63219706217448,11.611711771657406,11.623315688810713,11.614835036738274
1321,11.960811288962345,12.022442173060789,11.975511064478658,11.977322578430176,11.968742226632232,11.986302042335588,11.983512211297981
1322,11.191341840842766,11.24790666984886,11.30788644547259,11.335723559061686,11.338292882514077,11.307180117644059,11.293743160904011
1323,12.154779351142624,12.382001102594144,12.3291246580264,12.298593521118164,12.37178776792519,12.346684004140144,12.34954416305091
1324,11.320553572322773,11.37364174825583,11.177724498007812,11.311164538065592,11.457424237692955,11.334885086508544,11.32188248223947
1325,11.898187865760873,12.55833843587796,12.536571309124689,12.578165690104166,12.568403256128676,12.560735747211622,12.56695176275497
1326,10.915088464214607,11.112834669282051,11.031476328764931,11.047778765360514,11.044327568709084,11.059889873385128,11.042575954026315
1327,11.27720313144916,11.376355920402084,11.322512332251613,11.356367111206056,11.447422219677103,11.377738715008931,11.365407960599006
1328,11.779128505744886,11.809868604315485,11.849593430152485,11.835986455281576,11.786282114064994,11.819247500778456,11.813838625003145
1329,12.4529327234617,12.180032539218194,12.281592037456369,12.070348421732584,12.350719889072822,12.222297578053979,12.223207633653297
1330,12.081076155355488,12.127565607292702,12.11371050841904,12.10919157663981,12.102193263504125,12.113148337621794,12.112347175189482
1331,12.332705296463539,12.39800256225985,12.437642912525892,12.41529337565104,12.427504701425617,12.419272715324919,12.423270904248355
1332,11.794337924408413,11.752599476621851,11.770205204953598,11.780277252197266,11.815761223948991,11.780157872514108,11.774136158055992
1333,11.512925464970229,11.561562365054298,11.644506966102632,11.640292485555014,11.614106322348789,11.613973331723251,11.605346212210062
1334,11.740061037553975,11.746229965612727,11.740338252853848,11.80653476715088,11.79629129618121,11.772757978098142,11.766620249706198
1335,11.736069016284437,11.663742290361013,11.674942780306568,11.673030217488607,11.65812947188064,11.667128750388883,11.659334989958536
1336,12.031123843065632,11.996213210996608,12.000234968671338,11.982786814371744,11.998939676219647,11.994612653230188,11.991953114141113
1337,11.813030057420567,11.847244562495815,11.849433032127576,11.879526456197103,11.82876091984275,11.850704562281418,11.845788863468703
1338,10.868568448579715,11.079715230077223,11.035394013130071,11.025397936503092,11.008214922529882,11.037237529238054,11.019568471358719
1339,12.206072645530174,12.364521039549494,12.325815816919494,12.306646982828775,12.392717624418507,12.348886092026206,12.351780774791493
1340,11.763684183317412,11.741794655987562,11.741379758527687,11.774847348531088,11.757150450834265,11.753792949455129,11.747357891472474
1341,11.719939634354555,11.584112928545546,11.607898080600656,11.562572161356607,11.66263156767341,11.605223466372044,11.596459168374569
1342,11.951180395901384,11.999710171480563,11.977759371782248,11.949634552001951,11.98086284757592,11.977428041463654,11.97449908577209
1343,12.339291489316397,12.412634852133776,12.426316074122226,12.426101366678871,12.393928535631206,12.414149319084338,12.418067184516788
1344,12.083905011555967,12.019450503495136,12.04084248615955,12.031288782755531,12.021823630425088,12.027951269257128,12.025814405732895
1345,11.956553034172742,12.175448349120538,12.115329961734147,12.127702077229818,12.115619272569127,12.13396724322292,12.133492475060713
1346,11.594505451962652,11.416803805659162,11.385826282594818,11.35262362162272,11.410323672195128,11.39226104864206,11.38015797221758
1347,12.478006361013815,12.464363567561092,12.479722298547008,12.558939615885416,12.523275485513004,12.506524000545678,12.51189009612574
1348,12.554836882168736,12.66915533621261,12.559043354558884,12.630570729573568,12.609339734866781,12.618226500518128,12.625343843577092
1349,12.2783933071098,12.398537216403652,12.392214939797109,12.43140951792399,12.384017461812979,12.401202246425658,12.404917130471315
1350,11.711776323715394,11.833332655118744,11.848196256699046,11.94084644317627,11.693416135651253,11.825879979763183,11.820575086549622
1351,12.206072645530174,12.167837519305,12.057180665891057,12.062967618306478,12.157351476749811,12.11373847719717,12.112946566844657
1352,12.049418835484797,12.075900179703298,12.012216634069135,12.026946385701498,12.018682281509962,12.033984327453457,12.031942048902335
1353,11.812289042195847,11.84445258037909,11.773381205875756,11.805418650309244,11.873635474855789,11.826095954899028,11.820794447696633
1354,12.92391243868049,12.867649594621108,12.89670891845518,12.832474072774252,12.86794919705038,12.86597088471305,12.876972310297838
1355,12.367340793126296,12.364369223251082,12.37383585733432,12.352595965067543,12.38277614583415,12.368593486974637,12.371797137987974
1356,12.043553716032399,12.125532588893208,12.160245510210238,12.117532094319662,12.133360467851903,12.133769329236928,12.133291458222333
1357,11.608235644774552,11.589270438387572,11.681870895121662,11.672889391581217,11.632442779690564,11.642643230379816,11.634465591296832
1358,11.917723684090689,12.008203989278108,11.987599000558772,12.00373681386312,11.955924884444157,11.988464972654489,11.985709051567591
1359,12.086725887897607,12.008413028882847,12.068499045667757,12.06356112162272,12.048140363403007,12.046362740672103,12.044514528188861
1360,12.66032791780777,12.824429278386686,12.830155670040194,12.841656684875488,12.808680481283387,12.82578240722535,12.836153766608408
1361,12.14950229404178,12.094717483923375,12.113670768230437,12.117975870768229,12.132107640652913,12.11469388124597,12.113916949510159
1362,12.468436909997665,12.50997682540048,12.41158151146295,12.451865514119469,12.479078356967976,12.464696813414228,12.469407151459484
1363,11.560762794384388,11.671847489443689,11.738241957291493,11.730045318603516,11.621076321399789,11.688051769475248,11.680586035583564
1364,11.963567869487337,12.035820189573982,12.00698111786089,12.007887522379557,12.029492369324155,12.020623076800756,12.018371323470411
1365,11.87862357740665,11.88032987866383,11.871213110469895,11.862629572550455,11.880887612791478,11.874048089478809,11.86949836540402
1366,12.283033686666302,12.252483977745683,12.262238810165778,12.229555447896322,12.245283498294853,12.247285887227553,12.24858770409858
1367,12.170445467887022,12.196186377611191,12.231654855952176,12.189799626668297,12.223028277484582,12.210025657459127,12.210743316558741
1368,11.751942365440728,11.804234537957331,11.792701151536953,11.81462256113688,11.759389523079657,11.792191443731546,11.786358388983482
1369,11.877568578558138,11.80280026548749,11.85089168694084,11.846948941548666,11.832177502118602,11.8325360183293,11.827335477039476
1370,12.354492650648448,12.378276455168736,12.403137364643214,12.445267041524252,12.389259212323383,12.403265389319532,12.40701261887037
1371,11.56171562913966,11.608074932554189,11.593278558922862,11.615045547485352,11.60910400309927,11.606584810881259,11.59784185574666
1372,12.016726473799254,12.104642493299222,12.0405344614829,12.081613222757976,12.069920307863633,12.07488132089674,12.073480216506267
1373,12.521977676925694,12.469747514712596,12.412065200556327,12.43731943766276,12.46785464061115,12.447895556925985,12.452342488529355
1374,13.053013299269535,13.11734349502349,13.109718516799028,13.023183822631836,13.177580768449758,13.108635742747804,13.123441615152998
1375,12.429216196844383,12.39106517148506,12.461095286684309,12.440985043843588,12.411461375443904,12.424949417523951,12.429036604548747
1376,12.384218830913648,12.44272444291064,12.458663618092922,12.458307584126793,12.408565407945673,12.441189345366794,12.445531138445164
1377,11.418614785498987,11.415631678803152,11.41833831821958,11.449382146199545,11.399500359209192,11.420192263026241,11.408527086100742
1378,11.669929213779893,11.773741513488034,11.821974624798395,11.781706174214682,11.82200196688296,11.799719342952319,11.794004308969546
1379,11.326595886778735,11.5161252994102,11.47540090312578,11.498213768005373,11.489114009109665,11.495110611576637,11.484619988211307
1380,12.028738630247258,11.917149652858573,11.944471832530596,11.907733281453451,11.921665229321881,11.922439226923812,11.918648168567989
1381,10.976782033219948,11.25168389576396,11.221820460615747,11.209918975830078,11.265563482178203,11.238237144985046,11.223719315327319
1382,12.377922902456833,12.394696841972513,12.31002600912752,12.226218859354654,12.360783236946633,12.325012107288957,12.32753249891848
1383,11.964001084330445,11.995807033678751,11.9746781104467,11.952528953552246,11.992231262058029,11.979411434645211,11.9765135741602
1384,11.626254150277232,11.92122188554085,11.923870916416393,11.916017850240072,11.947203652221257,11.927455131476936,11.923742711380823
1385,11.56171562913966,11.63729140339952,11.538902550380856,11.594159444173178,11.595536836561015,11.592777741030567,11.583818321660404
1386,11.740061037553975,11.659604786690627,11.596467051483804,11.57302188873291,11.651802882238277,11.621757993981813,11.613252920708929
1387,12.429216196844383,12.6296188554338,12.56753741145981,12.669416745503744,12.594334855967915,12.615445294416645,12.62251903433177
1388,11.820410164718188,11.99487273350326,11.937068182960653,11.89551321665446,12.001698217761886,11.959040357763506,11.955823123969566
1389,12.841325847671216,12.769997096354054,12.760068948808538,12.768978118896484,12.767267031702124,12.766707839170536,12.776153040335123
1390,11.782952602183288,11.79899819442906,11.831575014299537,11.81913979848226,11.802517050957588,11.812431917190805,11.80691618817964
1391,12.367340793126296,12.282470204609645,12.322883301239564,12.35484250386556,12.302017870959538,12.314666664616905,12.317024862648234
1392,11.728036844587175,11.79970629702347,11.77718205030889,11.751350402832031,11.783639280990805,11.778444106910767,11.772395524408578
1393,11.719939634354555,11.67863777440656,11.79860683811659,11.75780169169108,11.704376010259152,11.732705020068378,11.725939350119267
1394,12.0015054797889,11.936849447014126,11.87728908101739,11.855677604675291,11.95915630473391,11.909124160187266,11.905124351113603
1395,12.415433652431746,12.303463980669298,12.289656589458964,12.290939966837565,12.318515480164919,12.301181386804334,12.303328165585626
1396,12.54686766829102,12.548658870914728,12.568060190456473,12.577484130859377,12.514281779093828,12.551091687345616,12.557156505417728
1397,11.982929094215963,12.02282904566892,11.970202520523063,11.993377367655436,12.096622987206333,12.02291938699376,12.020703634714753
1398,11.831379196088763,11.861001537959815,11.868199067302047,11.793790499369305,11.858094164410497,11.845584920021505,11.840588956571896
1399,11.835008964139341,11.855411318009176,11.823006183516954,11.86369260152181,11.811620020883607,11.838260383121659,11.833149587176957
1400,11.83101549359339,11.918263837542725,11.932788086035112,11.96781857808431,11.891488196487662,11.926605972212784,11.922880239182573
1401,11.695247021764184,11.711093545845456,11.738578153919896,11.679324785868326,11.758734604415258,11.722408468573944,11.715481371531881
1402,12.170445467887022,12.148652135673176,12.10986483988704,12.112078984578451,12.169369530824012,12.136192642403248,12.13575276356496
1403,12.174989532116426,12.177251415147524,12.144289419173347,12.15865993499756,12.136240360663047,12.154178120711379,12.154020214286884
1404,12.552926520261092,12.45033540112842,12.421700906689324,12.45174249013265,12.511411678394177,12.460159231263715,12.464798430083766
1405,11.56171562913966,11.415411440740712,11.455197737698422,11.394524256388346,11.48288302557845,11.437493398185968,11.426099464691351
1406,12.524526376648708,12.551915459441744,12.563072662258302,12.559531211853027,12.536666902838638,12.552334482186355,12.558418784525445
1407,11.79810440720389,11.757692124300824,11.80505644446213,11.797550201416016,11.76836240313194,11.78126297448239,11.775258585572372
1408,11.626254150277232,11.590172368103191,11.68298759371597,11.676403999328612,11.564244255504535,11.625935456718771,11.617495876797317
1409,11.740061037553975,11.661940537165211,11.598869523619522,11.650135040283203,11.752590053798016,11.66834083098429,11.660566073289669
1410,12.2783933071098,12.272285602007202,12.270703046556802,12.2532320022583,12.300040283912262,12.274635298878156,12.276365893871557
1411,12.345834587905333,12.291972264905551,12.293089116467996,12.260014216105144,12.321814788651293,12.292370265020558,12.29437890495255
1412,11.84939770159144,11.96988879216709,11.891151778402604,11.902220726013184,11.939146777906027,11.926920105816556,11.923199297704606
1413,11.407564949312402,11.439410531653484,11.46225986257106,11.49821408589681,11.507270339350677,11.476999087202962,11.466224515301063
1414,12.456831363877356,12.461932098002626,12.444951041589375,12.49479834238688,12.470511724530823,12.46822172644178,12.47298732730617
1415,12.240474072247506,12.094632428246843,12.177064569969266,12.175979932149252,12.13565890246528,12.144510264479512,12.144200787509538
1416,12.077670930725649,12.25688929840053,12.269056516290036,12.284042676289875,12.31851618192374,12.282643666178153,12.284499814610802
1417,11.715866308966918,11.808378625387292,11.733001077973434,11.760704040527344,11.76126533908772,11.76671740320787,11.760484971997725
1418,12.736700896592344,12.64940622019495,12.656663698335626,12.677672068277994,12.722330996238837,12.6772752356808,12.685318331955775
1419,11.728036844587175,11.779223934258608,11.791853349064487,11.78974183400472,11.787932061559758,11.787034472618924,11.781120568000336
1420,12.314927050442256,12.36246895909673,12.30978276458324,12.312656084696451,12.35238628550366,12.335392267178527,12.33807539669522
1421,12.100156419938624,12.05021897900112,12.06836042367046,12.0401881535848,12.072862965584434,12.05801449496106,12.056348956145179
1422,11.755871643580617,11.837381976073289,11.87249633615422,11.868459383646648,11.885818431978953,11.865957184562326,11.861280613041504
1423,11.824079893607152,11.799766248432322,11.844834844565346,11.848303159077965,11.818794935017559,11.827122208091742,11.821836790263506
1424,12.524417279788771,12.272073486005164,12.206565955452218,12.089803695678713,12.304193918599514,12.220996927417492,12.22188659169926
1425,11.877568578558138,11.836941972143078,11.874450282857936,11.851175944010416,11.823424583674885,11.84558195980788,11.840585949948686
1426,11.863582336583399,11.944398311798013,11.8848225431898,11.854333559672035,11.905505314535802,11.898306145067737,11.89413673350792
1427,12.509874099861838,12.465268196101848,12.433375531168547,12.443177858988443,12.486536910725883,12.45808344740751,12.462690102540126
1428,11.84939770159144,11.84596682478582,11.842542348878773,11.886956214904783,11.83399570697785,11.8519553903663,11.847059301764016
1429,11.686878772093667,11.573649129584654,11.67861559809886,11.65600840250651,11.543752926274147,11.61025908056948,11.601573729835227
1430,12.116694834378958,12.177911115781225,12.13574963926842,12.102380752563477,12.172847187966653,12.148373697494424,12.148124790586255
1431,12.16597955196373,12.122139404526292,12.121070407087762,12.13599967956543,12.140779519690163,12.130191918321481,12.129657961437292
1432,11.875830958659597,11.79999565777827,11.841224667657746,11.794537544250488,11.811114141536992,11.811243196087842,11.805708830565989
1433,11.074420502783864,11.517370898822264,11.57540328189696,11.632636070251465,11.56736870357443,11.572164711802438,11.56288212584713
1434,12.136186518066006,12.17404539018161,12.149439393725665,12.132078170776367,12.181249964524156,12.160010240704576,12.159943768987786
1435,11.982929094215963,11.99830436902854,12.006815606293458,11.973917643229166,12.031413754349648,12.003133737800322,12.000607790420249
1436,12.066810578196666,12.102351954403298,12.04910459834953,12.030025164286297,12.070357372349903,12.06387348990783,12.062299807139325
1437,11.699405031912846,11.654604851693742,11.695255707222795,11.634596506754557,11.669264564421056,11.663120122322598,11.655263515494035
1438,12.885670953244288,12.754301810444224,12.840376204262434,12.81835397084554,12.758795859034416,12.791156614218156,12.800985117955872
1439,11.91638857040772,11.880199845235522,11.909604774791353,11.9071413675944,11.891810845390964,11.896687080173542,11.892492285266757
1440,12.190959007720126,12.108053750353289,12.098020130538496,12.104735692342125,12.121907352662399,12.108571910234271,12.107698999569585
1441,12.160028707028767,12.31679948848406,12.24570778164002,12.165006001790363,12.31443159795613,12.262691536051992,12.26423487933175
1442,11.913712983527281,11.845979924635424,11.87604949232576,11.86074129740397,11.857250343157178,11.859573227311337,11.85479656949841
1443,12.644327576461329,12.801807741441635,12.732881301356835,12.757158597310385,12.789426237677455,12.771583651677869,12.781105294769567
1444,11.703545824578878,11.513760529774425,11.595976518057702,11.5158961613973,11.569998468666947,11.548371720017421,11.538716112716221
1445,12.098487434850236,12.14278429084945,12.15266154628098,12.128846486409506,12.112115255813494,12.133585588689101,12.133104837030194
1446,11.76756768334381,11.780832184032173,11.729808421471208,11.715003649393717,11.768554355052045,11.749671824606828,11.743172156525898
1447,11.969717200243734,11.90190249394603,11.93421177659053,11.882322629292808,11.931629325707469,11.912562588898794,11.908616686761984
1448,12.388394202324129,12.444815561639327,12.486157814988031,12.498042424519856,12.444430646866039,12.467300702465245,12.472051863716223
1449,11.626254150277232,11.595560345452716,11.580334548097532,11.535703341166178,11.600800978927955,11.5788500884019,11.56967231432563
1450,11.429543856031177,11.362280100233562,11.41688549404114,11.310370445251465,11.376709108822766,11.366243662278535,11.353732690934173
1451,11.820410164718188,11.762479187716162,11.780614159092613,11.790976206461588,11.780881673739898,11.778510055329795,11.772462506752564
1452,12.567551034433226,12.445091006031388,12.471415470069816,12.400675455729166,12.478154095469165,12.449203021243115,12.453670450987437
1453,11.884489021402711,11.788443914605184,11.81913045631236,11.782686869303385,11.791448756133304,11.795008313641565,11.789219421166766
1454,11.344506813345266,11.79671512700174,11.80112453813108,11.775664329528809,11.788006224108004,11.790325316176876,11.784463004687233
1455,12.128111104060462,12.155005538186286,12.136048399847448,12.137805302937826,12.194728391039604,12.156915919175354,12.156800935359207
1456,12.072541252905651,12.075550815808317,12.06866748320653,12.071320215861002,12.076065129740732,12.073051476126174,12.071621683827715
1457,12.254862809699606,12.28287864961427,12.218575118810314,12.201096852620443,12.240748863837354,12.236837500289864,12.237975509624912
1458,12.493129522588037,12.45713241341588,12.440980053057167,12.442472139994305,12.493974943822037,12.459552380084041,12.4641820648234
1459,11.864462231052837,11.83886625458556,11.843130049859198,11.847224871317543,11.826230034120519,11.838547278457337,11.833440980395256
1460,11.901583454762012,11.902327232938145,11.96956771315155,11.947523752848308,11.900363533372476,11.928492569060854,11.92479641368535
